customer_id,city,signup_date
1,Ростов-на-Дону,2025-09-03
2,Новосибирск,2026-06-16
3,Москва,2026-02-20
4,Воронеж,2026-02-25
5,Нижний Новгород,2025-08-18
6,Новосибирск,2026-05-26
7,Санкт-Петербург,2026-05-17
8,Москва,2026-03-16
9,Москва,2026-03-20
10,Ростов-на-Дону,2025-12-22
11,Санкт-Петербург,2025-02-21
12,Москва,2025-06-05
13,Санкт-Петербург,2026-02-23
14,Екатеринбург,2025-06-28
15,Москва,2025-04-04
16,Самара,2026-06-01
17,Нижний Новгород,2025-09-24
18,Новосибирск,2026-04-15
19,Санкт-Петербург,2025-06-04
20,Екатеринбург,2025-07-15
21,Екатеринбург,2025-07-07
22,Екатеринбург,2025-07-23
23,Москва,2025-08-27
24,Санкт-Петербург,2025-06-12
25,Москва,2026-03-20
26,Казань,2025-06-27
27,Санкт-Петербург,2025-08-29
28,Москва,2026-04-15
29,Москва,2025-08-27
30,Екатеринбург,2025-01-06
31,Москва,2025-01-01
32,Уфа,2025-08-26
33,Екатеринбург,2025-12-20
34,Санкт-Петербург,2026-05-29
35,Екатеринбург,2025-03-13
36,Москва,2025-10-23
37,Уфа,2025-06-07
38,Казань,2025-09-03
39,Нижний Новгород,2025-08-30
40,Москва,2025-06-20
41,Казань,2025-01-10
42,Казань,2025-02-10
43,Уфа,2025-10-12
44,Екатеринбург,2025-05-03
45,Казань,2025-06-28
46,Москва,2025-02-19
47,Санкт-Петербург,2025-01-28
48,Казань,2025-03-11
49,Санкт-Петербург,2025-07-25
50,Москва,2025-03-31
51,Самара,2025-05-07
52,Ростов-на-Дону,2025-06-14
53,Москва,2025-06-08
54,Казань,2025-01-07
55,Москва,2025-03-05
56,Новосибирск,2026-06-02
57,Санкт-Петербург,2025-12-31
58,Новосибирск,2025-03-09
59,Новосибирск,2025-06-04
60,Нижний Новгород,2025-07-28
61,Москва,2026-05-09
62,Уфа,2026-04-25
63,Москва,2026-02-24
64,Москва,2025-02-28
65,Казань,2025-09-25
66,Санкт-Петербург,2025-12-14
67,Самара,2026-04-06
68,Самара,2025-06-24
69,Санкт-Петербург,2025-10-31
70,Уфа,2025-05-24
71,Санкт-Петербург,2025-04-25
72,Казань,2025-06-20
73,Москва,2026-02-05
74,Уфа,2025-08-27
75,Москва,2026-01-07
76,Москва,2026-01-12
77,Санкт-Петербург,2025-07-17
78,Воронеж,2026-06-05
79,Ростов-на-Дону,2025-01-26
80,Нижний Новгород,2026-05-04
81,Ростов-на-Дону,2025-01-05
82,Ростов-на-Дону,2025-07-28
83,Казань,2026-03-26
84,Санкт-Петербург,2026-01-08
85,Нижний Новгород,2025-06-25
86,Новосибирск,2026-04-28
87,Санкт-Петербург,2025-03-17
88,Москва,2026-01-01
89,Нижний Новгород,2025-10-10
90,Москва,2025-04-23
91,Уфа,2026-05-17
92,Москва,2026-02-22
93,Москва,2025-01-05
94,Самара,2025-02-17
95,Москва,2025-01-31
96,Москва,2025-08-15
97,Екатеринбург,2025-08-16
98,Ростов-на-Дону,2026-01-30
99,Москва,2026-01-04
100,Санкт-Петербург,2025-01-09
101,Нижний Новгород,2025-09-17
102,Воронеж,2026-03-04
103,Казань,2026-05-05
104,Москва,2025-06-09
105,Москва,2025-01-25
106,Москва,2025-03-25
107,Москва,2025-07-05
108,Новосибирск,2025-08-30
109,Москва,2025-07-11
110,Казань,2025-02-19
111,Новосибирск,2025-07-05
112,Екатеринбург,2025-06-07
113,Москва,2025-09-23
114,Самара,2025-02-13
115,Новосибирск,2026-03-07
116,Нижний Новгород,2025-08-16
117,Москва,2025-06-23
118,Москва,2026-05-10
119,Уфа,2026-02-10
120,Санкт-Петербург,2025-03-16
121,Санкт-Петербург,2025-03-21
122,Казань,2025-01-02
123,Новосибирск,2025-07-13
124,Уфа,2025-07-24
125,Санкт-Петербург,2025-10-05
126,Уфа,2025-10-21
127,Москва,2025-01-01
128,Казань,2025-02-28
129,Екатеринбург,2026-03-07
130,Москва,2026-06-04
131,Москва,2026-04-02
132,Санкт-Петербург,2026-05-09
133,Воронеж,2025-09-10
134,Екатеринбург,2026-03-27
135,Уфа,2026-04-26
136,Самара,2026-05-02
137,Казань,2025-03-23
138,Нижний Новгород,2025-03-21
139,Москва,2025-08-08
140,Москва,2025-10-02
141,Самара,2026-06-07
142,Нижний Новгород,2025-06-23
143,Москва,2026-03-30
144,Казань,2026-04-29
145,Екатеринбург,2026-06-11
146,Ростов-на-Дону,2025-04-14
147,Екатеринбург,2025-05-12
148,Санкт-Петербург,2025-04-30
149,Санкт-Петербург,2026-02-05
150,Санкт-Петербург,2026-01-10
151,Новосибирск,2025-08-10
152,Ростов-на-Дону,2025-02-18
153,Санкт-Петербург,2025-10-11
154,Москва,2026-02-04
155,Москва,2025-09-16
156,Нижний Новгород,2025-05-27
157,Самара,2025-11-19
158,Москва,2025-12-27
159,Москва,2025-11-19
160,Екатеринбург,2026-04-21
161,Москва,2025-06-21
162,Самара,2025-11-29
163,Санкт-Петербург,2026-04-11
164,Москва,2025-04-26
165,Уфа,2025-06-03
166,Москва,2025-01-27
167,Санкт-Петербург,2025-07-24
168,Москва,2025-01-25
169,Москва,2026-02-11
170,Москва,2025-02-18
171,Москва,2026-01-13
172,Москва,2025-11-13
173,Москва,2026-06-23
174,Екатеринбург,2025-07-09
175,Новосибирск,2025-07-07
176,Санкт-Петербург,2025-05-13
177,Санкт-Петербург,2025-10-20
178,Казань,2025-04-30
179,Ростов-на-Дону,2025-03-03
180,Самара,2026-06-01
181,Москва,2026-01-06
182,Москва,2025-03-06
183,Москва,2025-12-03
184,Москва,2025-06-16
185,Екатеринбург,2025-04-09
186,Санкт-Петербург,2025-09-14
187,Москва,2026-03-06
188,Санкт-Петербург,2025-01-01
189,Казань,2025-07-13
190,Москва,2026-05-17
191,Самара,2025-08-03
192,Москва,2025-02-24
193,Уфа,2025-08-22
194,Москва,2026-01-07
195,Самара,2026-06-27
196,Ростов-на-Дону,2025-12-09
197,Воронеж,2025-01-28
198,Самара,2026-03-17
199,Нижний Новгород,2026-03-02
200,Екатеринбург,2025-12-22
201,Нижний Новгород,2026-05-04
202,Москва,2026-02-24
203,Казань,2025-05-07
204,Казань,2025-08-18
205,Самара,2025-10-04
206,Казань,2025-09-24
207,Санкт-Петербург,2025-12-15
208,Екатеринбург,2026-01-18
209,Москва,2025-02-26
210,Москва,2025-11-06
211,Казань,2025-01-22
212,Санкт-Петербург,2025-10-06
213,Москва,2025-08-19
214,Санкт-Петербург,2025-04-23
215,Санкт-Петербург,2026-06-24
216,Санкт-Петербург,2025-05-21
217,Санкт-Петербург,2025-01-31
218,Новосибирск,2025-07-15
219,Санкт-Петербург,2026-02-17
220,Уфа,2025-01-06
221,Уфа,2025-09-26
222,Казань,2025-08-16
223,Санкт-Петербург,2026-04-17
224,Казань,2025-01-02
225,Самара,2025-01-10
226,Новосибирск,2025-11-04
227,Самара,2025-04-08
228,Казань,2026-01-19
229,Екатеринбург,2025-06-01
230,Санкт-Петербург,2025-11-03
231,Нижний Новгород,2025-01-21
232,Москва,2026-01-13
233,Новосибирск,2025-10-10
234,Ростов-на-Дону,2025-01-01
235,Москва,2025-05-25
236,Екатеринбург,2025-02-02
237,Москва,2025-01-25
238,Новосибирск,2026-01-16
239,Москва,2025-08-22
240,Уфа,2026-03-14
241,Москва,2025-05-21
242,Уфа,2026-01-27
243,Самара,2025-12-02
244,Екатеринбург,2025-12-28
245,Нижний Новгород,2026-03-28
246,Нижний Новгород,2026-01-21
247,Уфа,2026-02-11
248,Москва,2026-02-08
249,Екатеринбург,2025-09-01
250,Москва,2026-01-30
251,Екатеринбург,2026-04-04
252,Москва,2026-02-07
253,Екатеринбург,2025-11-28
254,Екатеринбург,2025-02-10
255,Казань,2025-08-26
256,Казань,2025-02-04
257,Нижний Новгород,2025-02-26
258,Нижний Новгород,2025-07-16
259,Казань,2025-09-10
260,Екатеринбург,2025-10-15
261,Уфа,2026-05-06
262,Москва,2025-08-19
263,Москва,2025-07-02
264,Москва,2026-01-24
265,Новосибирск,2025-05-30
266,Санкт-Петербург,2026-04-27
267,Нижний Новгород,2026-03-02
268,Новосибирск,2026-01-07
269,Санкт-Петербург,2025-05-16
270,Ростов-на-Дону,2025-12-05
271,Нижний Новгород,2026-03-24
272,Москва,2025-02-09
273,Санкт-Петербург,2025-04-07
274,Санкт-Петербург,2025-10-08
275,Москва,2025-07-15
276,Москва,2026-01-22
277,Уфа,2025-08-07
278,Санкт-Петербург,2026-06-28
279,Санкт-Петербург,2025-06-13
280,Новосибирск,2025-07-16
281,Казань,2025-01-02
282,Уфа,2025-05-15
283,Нижний Новгород,2025-05-09
284,Казань,2026-02-20
285,Санкт-Петербург,2025-07-04
286,Воронеж,2025-04-21
287,Новосибирск,2025-06-20
288,Уфа,2025-11-03
289,Москва,2026-03-05
290,Самара,2026-06-18
291,Екатеринбург,2025-01-26
292,Москва,2026-04-04
293,Екатеринбург,2025-07-31
294,Новосибирск,2026-03-17
295,Москва,2025-01-21
296,Санкт-Петербург,2025-12-08
297,Самара,2026-05-23
298,Санкт-Петербург,2025-01-22
299,Санкт-Петербург,2026-03-07
300,Санкт-Петербург,2025-03-04
301,Санкт-Петербург,2026-06-20
302,Уфа,2026-02-10
303,Нижний Новгород,2026-05-12
304,Москва,2026-05-05
305,Воронеж,2025-06-22
306,Ростов-на-Дону,2025-08-15
307,Санкт-Петербург,2026-01-12
308,Самара,2025-04-06
309,Москва,2025-06-17
310,Воронеж,2025-02-23
311,Новосибирск,2026-04-30
312,Новосибирск,2025-05-16
313,Москва,2025-08-12
314,Ростов-на-Дону,2025-09-04
315,Москва,2025-07-24
316,Москва,2026-02-28
317,Москва,2026-05-14
318,Нижний Новгород,2025-11-09
319,Москва,2026-04-02
320,Уфа,2025-03-02
321,Новосибирск,2026-06-11
322,Москва,2025-03-05
323,Москва,2025-02-06
324,Москва,2025-01-13
325,Екатеринбург,2025-05-13
326,Самара,2026-04-02
327,Москва,2025-06-13
328,Самара,2026-03-08
329,Москва,2025-08-20
330,Самара,2025-02-26
331,Уфа,2025-09-15
332,Нижний Новгород,2025-05-07
333,Новосибирск,2025-06-08
334,Самара,2025-10-09
335,Москва,2026-03-07
336,Москва,2025-11-16
337,Москва,2025-05-02
338,Казань,2026-01-27
339,Нижний Новгород,2026-01-15
340,Екатеринбург,2025-05-10
341,Самара,2026-04-10
342,Москва,2026-04-05
343,Нижний Новгород,2025-11-26
344,Москва,2025-06-11
345,Москва,2025-07-13
346,Новосибирск,2025-08-28
347,Воронеж,2025-04-13
348,Екатеринбург,2025-06-16
349,Москва,2025-03-15
350,Екатеринбург,2025-03-26
351,Москва,2026-02-10
352,Ростов-на-Дону,2025-03-11
353,Новосибирск,2025-09-13
354,Москва,2025-08-22
355,Москва,2025-01-26
356,Москва,2026-03-30
357,Воронеж,2026-06-21
358,Санкт-Петербург,2025-12-14
359,Нижний Новгород,2026-01-01
360,Екатеринбург,2025-05-07
361,Екатеринбург,2026-04-06
362,Москва,2026-03-04
363,Уфа,2025-08-27
364,Санкт-Петербург,2026-01-20
365,Екатеринбург,2026-06-05
366,Новосибирск,2025-11-25
367,Екатеринбург,2025-04-19
368,Уфа,2025-06-30
369,Москва,2025-04-11
370,Казань,2025-06-30
371,Санкт-Петербург,2026-05-01
372,Казань,2025-04-14
373,Москва,2026-05-01
374,Москва,2025-06-05
375,Москва,2025-09-29
376,Санкт-Петербург,2025-10-15
377,Санкт-Петербург,2025-03-10
378,Екатеринбург,2025-04-11
379,Екатеринбург,2025-06-16
380,Санкт-Петербург,2025-02-02
381,Санкт-Петербург,2026-02-16
382,Москва,2026-04-07
383,Екатеринбург,2026-04-16
384,Санкт-Петербург,2025-07-09
385,Москва,2026-03-22
386,Санкт-Петербург,2025-02-03
387,Казань,2025-08-23
388,Москва,2025-12-29
389,Екатеринбург,2025-09-12
390,Екатеринбург,2026-02-08
391,Новосибирск,2026-04-13
392,Екатеринбург,2025-08-20
393,Новосибирск,2025-05-30
394,Санкт-Петербург,2025-11-14
395,Нижний Новгород,2026-04-19
396,Казань,2026-06-23
397,Санкт-Петербург,2026-03-21
398,Екатеринбург,2025-05-14
399,Санкт-Петербург,2025-04-22
400,Казань,2025-11-09
401,Нижний Новгород,2025-08-08
402,Ростов-на-Дону,2025-11-29
403,Уфа,2026-05-19
404,Казань,2025-10-27
405,Казань,2025-07-13
406,Нижний Новгород,2026-04-19
407,Санкт-Петербург,2025-08-28
408,Самара,2025-11-26
409,Казань,2025-03-15
410,Москва,2025-10-04
411,Москва,2025-08-21
412,Самара,2025-03-09
413,Москва,2025-04-26
414,Санкт-Петербург,2026-01-19
415,Санкт-Петербург,2025-04-09
416,Москва,2025-03-13
417,Санкт-Петербург,2025-02-01
418,Нижний Новгород,2025-01-15
419,Москва,2025-08-25
420,Самара,2025-09-24
421,Самара,2025-12-07
422,Санкт-Петербург,2025-11-08
423,Москва,2025-10-20
424,Екатеринбург,2026-06-29
425,Москва,2025-05-17
426,Санкт-Петербург,2026-01-24
427,Уфа,2025-02-13
428,Воронеж,2026-04-08
429,Нижний Новгород,2025-07-17
430,Санкт-Петербург,2025-07-08
431,Новосибирск,2025-03-15
432,Новосибирск,2025-10-05
433,Санкт-Петербург,2025-08-06
434,Екатеринбург,2026-06-15
435,Москва,2025-04-08
436,Москва,2025-08-16
437,Казань,2026-05-06
438,Москва,2026-03-16
439,Москва,2026-02-21
440,Самара,2025-10-14
441,Воронеж,2026-04-21
442,Казань,2025-05-03
443,Самара,2026-03-18
444,Воронеж,2025-11-13
445,Москва,2025-07-10
446,Санкт-Петербург,2025-04-29
447,Санкт-Петербург,2025-10-12
448,Москва,2025-01-02
449,Нижний Новгород,2026-01-25
450,Санкт-Петербург,2025-05-09
451,Казань,2025-08-01
452,Москва,2025-04-16
453,Москва,2025-09-11
454,Ростов-на-Дону,2025-07-22
455,Москва,2025-04-13
456,Москва,2026-04-30
457,Санкт-Петербург,2026-02-18
458,Казань,2025-07-31
459,Екатеринбург,2025-02-01
460,Казань,2026-04-06
461,Москва,2026-01-15
462,Москва,2025-10-30
463,Самара,2025-11-26
464,Екатеринбург,2025-01-05
465,Екатеринбург,2025-09-16
466,Новосибирск,2025-04-13
467,Нижний Новгород,2025-12-21
468,Москва,2026-05-23
469,Санкт-Петербург,2025-10-17
470,Казань,2025-11-26
471,Санкт-Петербург,2025-12-30
472,Самара,2026-05-22
473,Казань,2025-01-21
474,Нижний Новгород,2025-06-19
475,Самара,2025-05-27
476,Казань,2026-01-26
477,Ростов-на-Дону,2025-09-02
478,Екатеринбург,2026-02-25
479,Самара,2025-09-15
480,Санкт-Петербург,2026-06-16
481,Казань,2026-02-23
482,Казань,2025-01-10
483,Москва,2026-06-23
484,Санкт-Петербург,2026-06-03
485,Уфа,2025-01-24
486,Екатеринбург,2025-08-02
487,Москва,2026-06-13
488,Санкт-Петербург,2026-04-02
489,Москва,2025-09-13
490,Москва,2025-10-24
491,Уфа,2025-01-17
492,Санкт-Петербург,2025-11-04
493,Санкт-Петербург,2025-12-30
494,Екатеринбург,2025-07-15
495,Москва,2025-06-17
496,Москва,2026-03-28
497,Новосибирск,2025-09-02
498,Екатеринбург,2025-05-24
499,Воронеж,2025-07-24
500,Екатеринбург,2025-09-26
501,Казань,2025-05-22
502,Нижний Новгород,2025-11-02
503,Ростов-на-Дону,2026-04-15
504,Новосибирск,2026-02-09
505,Воронеж,2025-05-07
506,Нижний Новгород,2025-09-15
507,Ростов-на-Дону,2025-10-24
508,Москва,2026-01-06
509,Нижний Новгород,2026-02-17
510,Санкт-Петербург,2025-09-22
511,Казань,2025-06-21
512,Новосибирск,2025-12-26
513,Воронеж,2025-03-10
514,Воронеж,2026-01-03
515,Санкт-Петербург,2026-05-04
516,Нижний Новгород,2026-01-22
517,Нижний Новгород,2025-08-25
518,Санкт-Петербург,2026-03-25
519,Москва,2025-10-18
520,Москва,2025-10-22
521,Нижний Новгород,2026-04-10
522,Казань,2025-04-16
523,Воронеж,2026-03-01
524,Казань,2026-01-06
525,Воронеж,2025-10-16
526,Санкт-Петербург,2025-02-12
527,Нижний Новгород,2026-02-22
528,Москва,2025-04-30
529,Казань,2026-05-04
530,Самара,2026-03-08
531,Уфа,2025-07-18
532,Самара,2025-08-26
533,Москва,2025-01-14
534,Санкт-Петербург,2025-09-29
535,Москва,2025-02-01
536,Москва,2026-06-23
537,Новосибирск,2025-12-15
538,Новосибирск,2025-05-09
539,Нижний Новгород,2026-03-15
540,Ростов-на-Дону,2025-01-11
541,Нижний Новгород,2025-10-27
542,Самара,2025-03-02
543,Москва,2025-01-30
544,Москва,2025-05-14
545,Екатеринбург,2025-06-10
546,Самара,2026-01-31
547,Москва,2026-05-01
548,Казань,2026-02-27
549,Новосибирск,2026-02-08
550,Москва,2025-11-05
551,Санкт-Петербург,2025-07-22
552,Ростов-на-Дону,2025-05-20
553,Новосибирск,2026-05-31
554,Москва,2025-10-12
555,Самара,2025-11-04
556,Санкт-Петербург,2025-01-09
557,Самара,2025-09-07
558,Санкт-Петербург,2026-01-07
559,Екатеринбург,2025-09-27
560,Санкт-Петербург,2025-12-01
561,Москва,2026-03-18
562,Ростов-на-Дону,2025-01-12
563,Москва,2026-05-08
564,Москва,2026-03-22
565,Санкт-Петербург,2025-08-17
566,Новосибирск,2026-02-21
567,Самара,2025-02-06
568,Воронеж,2025-06-17
569,Санкт-Петербург,2025-02-28
570,Санкт-Петербург,2025-12-13
571,Москва,2026-04-12
572,Екатеринбург,2025-11-24
573,Воронеж,2026-01-23
574,Новосибирск,2025-03-20
575,Екатеринбург,2026-05-25
576,Санкт-Петербург,2025-04-16
577,Уфа,2025-10-14
578,Казань,2026-01-08
579,Москва,2026-04-12
580,Санкт-Петербург,2026-05-24
581,Москва,2025-11-23
582,Москва,2025-11-11
583,Москва,2025-08-16
584,Санкт-Петербург,2025-11-06
585,Екатеринбург,2026-01-03
586,Санкт-Петербург,2025-12-19
587,Санкт-Петербург,2025-11-19
588,Уфа,2025-08-29
589,Нижний Новгород,2025-04-17
590,Казань,2025-01-30
591,Санкт-Петербург,2025-08-18
592,Ростов-на-Дону,2025-08-05
593,Москва,2025-11-28
594,Санкт-Петербург,2026-05-06
595,Ростов-на-Дону,2026-01-18
596,Казань,2026-03-15
597,Нижний Новгород,2025-11-12
598,Екатеринбург,2026-05-21
599,Новосибирск,2026-05-28
600,Санкт-Петербург,2025-03-25
601,Москва,2025-12-15
602,Санкт-Петербург,2025-10-03
603,Москва,2026-06-14
604,Ростов-на-Дону,2025-11-15
605,Санкт-Петербург,2025-01-09
606,Екатеринбург,2025-04-25
607,Нижний Новгород,2025-03-12
608,Нижний Новгород,2025-04-20
609,Санкт-Петербург,2025-02-22
610,Казань,2026-03-03
611,Воронеж,2025-09-27
612,Новосибирск,2026-01-02
613,Самара,2026-06-29
614,Ростов-на-Дону,2025-12-19
615,Нижний Новгород,2025-09-19
616,Москва,2025-05-26
617,Екатеринбург,2026-02-16
618,Москва,2025-10-04
619,Новосибирск,2026-02-17
620,Уфа,2025-01-13
621,Казань,2025-03-30
622,Санкт-Петербург,2025-03-12
623,Москва,2026-01-07
624,Уфа,2025-10-10
625,Москва,2025-06-22
626,Москва,2025-06-18
627,Москва,2025-11-27
628,Москва,2026-06-11
629,Санкт-Петербург,2026-06-27
630,Казань,2025-09-14
631,Санкт-Петербург,2026-01-01
632,Москва,2025-02-15
633,Москва,2026-05-31
634,Санкт-Петербург,2025-01-10
635,Москва,2025-07-06
636,Новосибирск,2026-01-31
637,Москва,2026-06-13
638,Санкт-Петербург,2025-04-04
639,Санкт-Петербург,2025-12-27
640,Санкт-Петербург,2025-04-13
641,Москва,2025-01-28
642,Москва,2025-08-19
643,Ростов-на-Дону,2025-11-11
644,Москва,2025-05-24
645,Казань,2026-06-15
646,Казань,2025-12-03
647,Санкт-Петербург,2025-08-27
648,Санкт-Петербург,2025-09-22
649,Нижний Новгород,2025-09-11
650,Самара,2025-03-02
651,Москва,2025-11-27
652,Санкт-Петербург,2026-03-04
653,Москва,2025-08-18
654,Казань,2025-08-21
655,Новосибирск,2026-05-12
656,Москва,2025-11-29
657,Санкт-Петербург,2025-06-12
658,Уфа,2025-01-03
659,Москва,2026-03-25
660,Казань,2025-12-08
661,Новосибирск,2025-12-08
662,Москва,2025-06-04
663,Москва,2025-04-12
664,Москва,2025-09-27
665,Уфа,2026-02-18
666,Москва,2025-06-12
667,Москва,2025-10-15
668,Москва,2026-06-27
669,Москва,2025-04-30
670,Екатеринбург,2025-05-06
671,Москва,2025-05-09
672,Екатеринбург,2026-05-13
673,Екатеринбург,2025-10-16
674,Самара,2026-05-16
675,Москва,2026-06-01
676,Самара,2025-08-18
677,Екатеринбург,2025-01-30
678,Москва,2025-06-15
679,Нижний Новгород,2025-10-24
680,Самара,2025-07-27
681,Москва,2025-01-02
682,Уфа,2026-06-24
683,Санкт-Петербург,2025-06-15
684,Екатеринбург,2025-12-04
685,Воронеж,2026-05-31
686,Санкт-Петербург,2025-10-24
687,Самара,2026-01-14
688,Санкт-Петербург,2025-01-20
689,Нижний Новгород,2026-01-15
690,Екатеринбург,2026-04-08
691,Москва,2026-05-16
692,Санкт-Петербург,2025-02-15
693,Санкт-Петербург,2025-05-05
694,Москва,2025-01-26
695,Москва,2026-05-16
696,Санкт-Петербург,2025-05-30
697,Москва,2025-10-17
698,Москва,2025-09-17
699,Новосибирск,2026-01-11
700,Новосибирск,2026-05-03
701,Нижний Новгород,2025-06-26
702,Санкт-Петербург,2026-03-07
703,Ростов-на-Дону,2025-06-08
704,Екатеринбург,2025-04-18
705,Москва,2025-02-27
706,Москва,2025-07-22
707,Новосибирск,2025-11-02
708,Москва,2026-03-02
709,Казань,2026-04-08
710,Воронеж,2025-10-15
711,Москва,2025-08-11
712,Москва,2025-04-06
713,Воронеж,2026-05-14
714,Екатеринбург,2025-08-04
715,Москва,2026-02-21
716,Ростов-на-Дону,2025-12-08
717,Ростов-на-Дону,2026-05-23
718,Казань,2026-06-15
719,Екатеринбург,2026-01-21
720,Москва,2025-12-27
721,Москва,2025-03-16
722,Екатеринбург,2025-01-09
723,Санкт-Петербург,2025-10-25
724,Новосибирск,2026-01-20
725,Самара,2026-02-11
726,Москва,2025-05-17
727,Екатеринбург,2025-10-02
728,Москва,2026-04-15
729,Ростов-на-Дону,2025-02-22
730,Москва,2025-07-29
731,Екатеринбург,2026-05-30
732,Казань,2025-04-19
733,Санкт-Петербург,2025-06-22
734,Новосибирск,2025-09-13
735,Новосибирск,2026-01-11
736,Екатеринбург,2025-05-20
737,Нижний Новгород,2026-03-08
738,Воронеж,2025-05-09
739,Санкт-Петербург,2025-07-20
740,Казань,2025-11-09
741,Москва,2025-01-07
742,Нижний Новгород,2026-02-23
743,Казань,2025-12-31
744,Санкт-Петербург,2026-04-01
745,Москва,2025-05-30
746,Ростов-на-Дону,2025-08-05
747,Санкт-Петербург,2026-05-05
748,Новосибирск,2025-02-06
749,Москва,2025-09-25
750,Воронеж,2025-09-21
751,Москва,2025-09-01
752,Москва,2025-08-25
753,Самара,2026-02-12
754,Уфа,2025-04-18
755,Москва,2026-05-01
756,Казань,2026-05-04
757,Нижний Новгород,2025-04-08
758,Ростов-на-Дону,2026-06-15
759,Санкт-Петербург,2025-05-23
760,Казань,2025-01-29
761,Нижний Новгород,2025-08-05
762,Нижний Новгород,2026-03-10
763,Нижний Новгород,2026-04-06
764,Екатеринбург,2025-12-18
765,Москва,2026-03-19
766,Ростов-на-Дону,2025-05-23
767,Ростов-на-Дону,2026-04-25
768,Нижний Новгород,2025-12-13
769,Москва,2025-03-14
770,Москва,2025-03-12
771,Нижний Новгород,2025-05-26
772,Москва,2025-02-07
773,Воронеж,2025-06-04
774,Санкт-Петербург,2026-06-26
775,Новосибирск,2025-05-11
776,Ростов-на-Дону,2025-12-13
777,Санкт-Петербург,2026-06-17
778,Санкт-Петербург,2025-05-19
779,Екатеринбург,2026-01-15
780,Екатеринбург,2025-09-03
781,Санкт-Петербург,2025-06-05
782,Екатеринбург,2026-06-02
783,Уфа,2025-12-24
784,Казань,2025-08-28
785,Москва,2026-03-19
786,Санкт-Петербург,2026-05-06
787,Санкт-Петербург,2026-03-02
788,Москва,2026-04-19
789,Москва,2025-06-25
790,Новосибирск,2025-07-07
791,Санкт-Петербург,2025-05-07
792,Уфа,2026-01-15
793,Москва,2026-03-14
794,Москва,2025-12-26
795,Нижний Новгород,2025-11-23
796,Ростов-на-Дону,2026-02-25
797,Москва,2025-04-09
798,Москва,2025-07-19
799,Москва,2026-01-21
800,Казань,2025-01-29
801,Казань,2026-05-12
802,Москва,2025-04-04
803,Москва,2026-03-05
804,Казань,2025-12-03
805,Уфа,2026-04-07
806,Новосибирск,2026-02-27
807,Казань,2025-10-09
808,Москва,2026-02-17
809,Москва,2025-07-08
810,Санкт-Петербург,2025-11-15
811,Нижний Новгород,2026-05-14
812,Ростов-на-Дону,2025-02-16
813,Ростов-на-Дону,2025-07-13
814,Воронеж,2025-01-10
815,Воронеж,2025-10-19
816,Уфа,2026-03-03
817,Москва,2025-01-22
818,Москва,2025-10-27
819,Санкт-Петербург,2025-08-15
820,Казань,2026-03-03
821,Москва,2025-04-30
822,Самара,2025-03-30
823,Екатеринбург,2025-02-21
824,Казань,2025-08-11
825,Москва,2025-09-23
826,Москва,2026-05-16
827,Москва,2025-09-11
828,Самара,2025-04-04
829,Екатеринбург,2026-01-16
830,Нижний Новгород,2025-02-03
831,Санкт-Петербург,2025-07-08
832,Санкт-Петербург,2025-12-23
833,Санкт-Петербург,2025-05-19
834,Нижний Новгород,2025-11-21
835,Нижний Новгород,2025-09-05
836,Москва,2026-06-03
837,Уфа,2025-06-06
838,Москва,2026-05-10
839,Ростов-на-Дону,2025-12-08
840,Москва,2026-02-13
841,Москва,2025-04-02
842,Самара,2025-01-11
843,Москва,2026-02-03
844,Санкт-Петербург,2025-09-19
845,Санкт-Петербург,2025-06-18
846,Москва,2026-05-04
847,Новосибирск,2025-06-27
848,Самара,2025-08-25
849,Ростов-на-Дону,2026-01-30
850,Санкт-Петербург,2026-06-09
851,Казань,2026-05-05
852,Москва,2025-12-22
853,Москва,2025-03-02
854,Москва,2025-03-01
855,Уфа,2026-01-13
856,Ростов-на-Дону,2025-10-05
857,Нижний Новгород,2025-03-14
858,Казань,2026-01-15
859,Казань,2026-05-29
860,Казань,2025-02-05
861,Казань,2026-03-26
862,Санкт-Петербург,2025-07-07
863,Москва,2025-08-05
864,Москва,2026-01-26
865,Уфа,2025-05-15
866,Казань,2025-03-27
867,Уфа,2026-06-10
868,Москва,2025-07-09
869,Казань,2025-04-03
870,Москва,2026-01-12
871,Москва,2025-04-29
872,Москва,2026-02-27
873,Москва,2025-02-08
874,Уфа,2025-10-10
875,Санкт-Петербург,2025-08-08
876,Екатеринбург,2026-06-06
877,Казань,2025-10-12
878,Санкт-Петербург,2026-05-20
879,Казань,2025-05-16
880,Москва,2025-09-16
881,Воронеж,2026-03-20
882,Самара,2025-03-29
883,Нижний Новгород,2026-05-21
884,Казань,2026-02-26
885,Москва,2026-01-04
886,Уфа,2025-05-13
887,Санкт-Петербург,2026-03-22
888,Москва,2026-04-05
889,Санкт-Петербург,2025-06-09
890,Нижний Новгород,2025-11-16
891,Екатеринбург,2025-02-03
892,Нижний Новгород,2025-08-03
893,Нижний Новгород,2025-03-24
894,Москва,2025-10-31
895,Уфа,2025-10-27
896,Санкт-Петербург,2025-10-18
897,Екатеринбург,2026-01-05
898,Москва,2026-05-19
899,Воронеж,2025-04-18
900,Санкт-Петербург,2025-04-27
901,Москва,2025-04-28
902,Санкт-Петербург,2026-05-21
903,Москва,2025-02-20
904,Москва,2025-01-18
905,Екатеринбург,2025-03-29
906,Санкт-Петербург,2026-02-24
907,Уфа,2025-11-12
908,Санкт-Петербург,2026-05-17
909,Новосибирск,2025-04-22
910,Казань,2025-08-03
911,Новосибирск,2025-10-30
912,Екатеринбург,2025-02-09
913,Казань,2026-05-16
914,Уфа,2026-03-15
915,Санкт-Петербург,2025-03-20
916,Москва,2026-04-05
917,Новосибирск,2025-09-02
918,Самара,2025-07-03
919,Москва,2026-05-31
920,Санкт-Петербург,2025-10-10
921,Ростов-на-Дону,2025-05-04
922,Нижний Новгород,2026-03-18
923,Воронеж,2026-01-26
924,Казань,2025-04-15
925,Новосибирск,2026-01-05
926,Санкт-Петербург,2025-12-09
927,Уфа,2025-05-31
928,Санкт-Петербург,2025-08-23
929,Нижний Новгород,2026-04-03
930,Санкт-Петербург,2025-04-06
931,Екатеринбург,2026-01-29
932,Новосибирск,2026-03-30
933,Казань,2026-05-26
934,Ростов-на-Дону,2025-06-26
935,Санкт-Петербург,2025-05-26
936,Екатеринбург,2026-05-25
937,Санкт-Петербург,2025-09-10
938,Санкт-Петербург,2025-11-07
939,Санкт-Петербург,2025-10-07
940,Москва,2025-10-08
941,Москва,2025-12-07
942,Новосибирск,2025-08-19
943,Новосибирск,2025-08-02
944,Новосибирск,2025-08-07
945,Москва,2025-12-24
946,Санкт-Петербург,2026-03-22
947,Москва,2025-10-30
948,Нижний Новгород,2026-01-05
949,Ростов-на-Дону,2025-08-14
950,Москва,2026-02-26
951,Новосибирск,2025-08-03
952,Москва,2025-08-18
953,Москва,2025-01-31
954,Москва,2025-05-23
955,Санкт-Петербург,2026-02-07
956,Новосибирск,2025-02-17
957,Уфа,2025-05-03
958,Москва,2026-02-28
959,Казань,2026-04-21
960,Новосибирск,2025-08-15
961,Уфа,2025-08-10
962,Екатеринбург,2025-10-05
963,Москва,2026-02-24
964,Екатеринбург,2025-09-13
965,Санкт-Петербург,2025-04-05
966,Воронеж,2025-08-23
967,Санкт-Петербург,2025-05-19
968,Новосибирск,2026-01-08
969,Москва,2025-03-19
970,Санкт-Петербург,2025-11-28
971,Ростов-на-Дону,2025-03-12
972,Екатеринбург,2026-06-14
973,Санкт-Петербург,2025-12-15
974,Уфа,2025-03-17
975,Самара,2026-06-07
976,Санкт-Петербург,2025-11-09
977,Казань,2025-11-27
978,Казань,2025-02-04
979,Екатеринбург,2025-04-13
980,Санкт-Петербург,2026-03-17
981,Москва,2025-09-12
982,Уфа,2025-12-02
983,Уфа,2026-06-22
984,Самара,2025-08-22
985,Воронеж,2025-07-27
986,Нижний Новгород,2026-03-14
987,Нижний Новгород,2025-02-05
988,Нижний Новгород,2025-09-05
989,Казань,2026-04-11
990,Санкт-Петербург,2025-05-05
991,Москва,2025-06-15
992,Екатеринбург,2025-09-15
993,Санкт-Петербург,2025-02-10
994,Москва,2025-02-08
995,Екатеринбург,2025-05-18
996,Санкт-Петербург,2026-05-05
997,Москва,2025-05-01
998,Самара,2026-02-03
999,Ростов-на-Дону,2025-08-21
1000,Москва,2026-02-19
1001,Москва,2025-06-29
1002,Санкт-Петербург,2026-04-22
1003,Нижний Новгород,2025-07-22
1004,Самара,2026-03-08
1005,Москва,2026-03-30
1006,Нижний Новгород,2025-08-24
1007,Москва,2025-12-30
1008,Санкт-Петербург,2025-03-06
1009,Воронеж,2025-09-28
1010,Москва,2025-07-23
1011,Москва,2026-06-05
1012,Санкт-Петербург,2026-05-25
1013,Екатеринбург,2026-03-03
1014,Уфа,2026-06-02
1015,Воронеж,2026-06-16
1016,Москва,2026-02-23
1017,Москва,2025-11-20
1018,Нижний Новгород,2025-04-22
1019,Москва,2026-03-21
1020,Ростов-на-Дону,2025-04-16
1021,Новосибирск,2025-04-11
1022,Москва,2026-04-25
1023,Самара,2025-03-04
1024,Москва,2025-03-19
1025,Санкт-Петербург,2025-10-06
1026,Казань,2025-11-15
1027,Казань,2025-01-25
1028,Новосибирск,2025-07-26
1029,Новосибирск,2025-05-03
1030,Воронеж,2025-06-14
1031,Воронеж,2025-04-09
1032,Казань,2026-01-05
1033,Москва,2025-09-15
1034,Новосибирск,2026-06-07
1035,Воронеж,2025-01-05
1036,Санкт-Петербург,2026-02-28
1037,Казань,2026-05-11
1038,Санкт-Петербург,2025-09-22
1039,Москва,2026-01-17
1040,Новосибирск,2025-08-29
1041,Санкт-Петербург,2025-11-21
1042,Нижний Новгород,2026-05-10
1043,Самара,2025-10-16
1044,Самара,2025-11-12
1045,Санкт-Петербург,2026-06-22
1046,Санкт-Петербург,2025-09-28
1047,Нижний Новгород,2025-04-05
1048,Самара,2026-01-08
1049,Казань,2026-01-13
1050,Ростов-на-Дону,2025-05-10
1051,Москва,2026-02-02
1052,Ростов-на-Дону,2025-02-04
1053,Москва,2025-06-24
1054,Москва,2026-04-12
1055,Казань,2025-12-03
1056,Москва,2025-11-27
1057,Москва,2025-12-05
1058,Москва,2025-03-31
1059,Санкт-Петербург,2026-06-08
1060,Нижний Новгород,2025-06-12
1061,Москва,2026-03-05
1062,Новосибирск,2026-06-24
1063,Самара,2025-05-12
1064,Москва,2025-12-12
1065,Москва,2025-01-24
1066,Ростов-на-Дону,2025-12-13
1067,Самара,2025-08-29
1068,Казань,2025-02-09
1069,Самара,2026-01-02
1070,Москва,2026-06-13
1071,Санкт-Петербург,2025-02-15
1072,Нижний Новгород,2026-05-02
1073,Москва,2026-04-05
1074,Нижний Новгород,2025-10-26
1075,Казань,2026-05-07
1076,Нижний Новгород,2025-06-18
1077,Казань,2026-01-28
1078,Санкт-Петербург,2026-01-16
1079,Москва,2025-11-13
1080,Москва,2026-03-31
1081,Нижний Новгород,2026-04-23
1082,Москва,2026-03-05
1083,Москва,2025-11-17
1084,Москва,2026-06-17
1085,Москва,2025-10-30
1086,Самара,2025-12-14
1087,Санкт-Петербург,2025-04-13
1088,Воронеж,2025-06-25
1089,Москва,2026-05-09
1090,Новосибирск,2025-09-29
1091,Санкт-Петербург,2025-10-06
1092,Санкт-Петербург,2026-03-21
1093,Ростов-на-Дону,2025-06-27
1094,Воронеж,2025-05-25
1095,Ростов-на-Дону,2025-01-05
1096,Москва,2025-05-07
1097,Москва,2025-10-07
1098,Новосибирск,2026-01-31
1099,Санкт-Петербург,2025-06-29
1100,Нижний Новгород,2025-08-31
1101,Екатеринбург,2025-05-01
1102,Казань,2026-03-22
1103,Самара,2025-10-14
1104,Новосибирск,2025-03-20
1105,Москва,2025-11-29
1106,Москва,2025-07-02
1107,Екатеринбург,2026-04-17
1108,Казань,2025-05-27
1109,Москва,2026-04-17
1110,Санкт-Петербург,2026-01-16
1111,Нижний Новгород,2025-03-15
1112,Самара,2026-02-18
1113,Екатеринбург,2026-01-28
1114,Санкт-Петербург,2025-09-06
1115,Москва,2025-03-29
1116,Казань,2025-09-18
1117,Санкт-Петербург,2025-11-28
1118,Екатеринбург,2025-03-13
1119,Новосибирск,2025-07-05
1120,Москва,2026-01-18
1121,Москва,2025-10-29
1122,Москва,2026-06-25
1123,Ростов-на-Дону,2025-04-29
1124,Екатеринбург,2026-02-28
1125,Москва,2025-08-20
1126,Ростов-на-Дону,2025-05-02
1127,Казань,2026-06-03
1128,Казань,2025-12-06
1129,Уфа,2025-10-19
1130,Москва,2025-06-10
1131,Москва,2026-04-26
1132,Екатеринбург,2025-01-17
1133,Москва,2025-03-04
1134,Новосибирск,2025-04-09
1135,Москва,2025-12-22
1136,Москва,2025-02-25
1137,Москва,2026-03-11
1138,Санкт-Петербург,2025-04-17
1139,Москва,2026-01-04
1140,Москва,2026-03-10
1141,Ростов-на-Дону,2026-04-24
1142,Санкт-Петербург,2025-06-09
1143,Санкт-Петербург,2025-02-10
1144,Москва,2026-02-17
1145,Санкт-Петербург,2025-09-02
1146,Москва,2026-06-02
1147,Екатеринбург,2025-04-13
1148,Москва,2025-11-09
1149,Ростов-на-Дону,2025-03-06
1150,Уфа,2025-09-22
1151,Москва,2025-01-01
1152,Москва,2026-02-13
1153,Москва,2025-11-26
1154,Екатеринбург,2025-02-22
1155,Москва,2025-09-30
1156,Самара,2025-08-22
1157,Нижний Новгород,2026-01-03
1158,Самара,2025-09-29
1159,Казань,2025-09-08
1160,Воронеж,2026-03-29
1161,Москва,2025-10-10
1162,Санкт-Петербург,2026-03-20
1163,Санкт-Петербург,2026-04-28
1164,Уфа,2026-04-08
1165,Екатеринбург,2026-06-05
1166,Самара,2026-01-16
1167,Москва,2025-11-03
1168,Воронеж,2025-10-17
1169,Казань,2025-04-22
1170,Казань,2026-03-28
1171,Воронеж,2026-01-13
1172,Санкт-Петербург,2026-04-21
1173,Санкт-Петербург,2026-01-18
1174,Екатеринбург,2025-09-19
1175,Москва,2025-06-10
1176,Санкт-Петербург,2026-06-22
1177,Москва,2026-02-04
1178,Москва,2026-04-22
1179,Ростов-на-Дону,2025-11-15
1180,Екатеринбург,2025-10-06
1181,Санкт-Петербург,2025-01-19
1182,Санкт-Петербург,2025-02-07
1183,Санкт-Петербург,2026-01-21
1184,Екатеринбург,2025-05-03
1185,Уфа,2025-02-14
1186,Уфа,2026-02-28
1187,Санкт-Петербург,2025-12-05
1188,Санкт-Петербург,2025-03-02
1189,Санкт-Петербург,2025-09-30
1190,Екатеринбург,2025-09-14
1191,Казань,2025-01-03
1192,Новосибирск,2025-11-26
1193,Казань,2025-08-05
1194,Санкт-Петербург,2026-04-24
1195,Санкт-Петербург,2025-03-05
1196,Санкт-Петербург,2026-04-07
1197,Москва,2025-01-04
1198,Москва,2026-02-21
1199,Новосибирск,2026-03-03
1200,Санкт-Петербург,2025-08-11
1201,Москва,2025-06-02
1202,Екатеринбург,2025-03-19
1203,Нижний Новгород,2025-07-05
1204,Москва,2025-12-31
1205,Самара,2026-01-31
1206,Уфа,2025-04-09
1207,Екатеринбург,2025-01-07
1208,Новосибирск,2025-11-02
1209,Москва,2025-11-13
1210,Уфа,2026-06-19
1211,Санкт-Петербург,2026-02-19
1212,Уфа,2025-10-27
1213,Екатеринбург,2025-11-19
1214,Москва,2025-12-18
1215,Москва,2025-09-04
1216,Новосибирск,2026-01-05
1217,Екатеринбург,2025-04-17
1218,Москва,2026-03-29
1219,Нижний Новгород,2026-04-15
1220,Самара,2025-08-26
1221,Казань,2025-09-06
1222,Казань,2025-09-29
1223,Москва,2026-03-22
1224,Нижний Новгород,2025-04-06
1225,Санкт-Петербург,2025-07-06
1226,Ростов-на-Дону,2025-12-02
1227,Санкт-Петербург,2026-01-13
1228,Екатеринбург,2025-06-11
1229,Москва,2025-03-05
1230,Москва,2025-10-04
1231,Нижний Новгород,2025-12-15
1232,Казань,2026-02-22
1233,Казань,2025-01-02
1234,Воронеж,2025-01-10
1235,Воронеж,2025-07-30
1236,Самара,2025-11-04
1237,Москва,2025-01-02
1238,Екатеринбург,2025-04-05
1239,Ростов-на-Дону,2025-08-17
1240,Санкт-Петербург,2025-06-02
1241,Москва,2026-01-23
1242,Самара,2025-01-19
1243,Казань,2026-04-30
1244,Екатеринбург,2025-04-03
1245,Воронеж,2025-08-29
1246,Екатеринбург,2026-06-22
1247,Санкт-Петербург,2025-12-28
1248,Санкт-Петербург,2026-06-29
1249,Санкт-Петербург,2025-01-11
1250,Москва,2026-01-28
1251,Нижний Новгород,2025-02-11
1252,Самара,2025-11-30
1253,Санкт-Петербург,2025-06-27
1254,Санкт-Петербург,2026-02-28
1255,Ростов-на-Дону,2025-03-09
1256,Москва,2026-05-04
1257,Казань,2025-09-20
1258,Казань,2025-10-11
1259,Новосибирск,2025-11-08
1260,Москва,2025-01-20
1261,Новосибирск,2025-06-19
1262,Санкт-Петербург,2026-01-22
1263,Екатеринбург,2026-06-08
1264,Москва,2026-06-21
1265,Казань,2025-10-19
1266,Казань,2025-05-21
1267,Москва,2025-09-18
1268,Москва,2025-09-10
1269,Москва,2025-08-05
1270,Санкт-Петербург,2025-07-16
1271,Москва,2026-04-19
1272,Уфа,2025-08-01
1273,Санкт-Петербург,2025-01-16
1274,Самара,2026-01-29
1275,Воронеж,2025-12-29
1276,Москва,2025-07-26
1277,Новосибирск,2025-12-10
1278,Ростов-на-Дону,2026-05-28
1279,Екатеринбург,2026-05-19
1280,Санкт-Петербург,2026-03-07
1281,Санкт-Петербург,2025-11-14
1282,Москва,2025-01-16
1283,Казань,2025-10-07
1284,Воронеж,2026-03-23
1285,Уфа,2026-04-06
1286,Москва,2026-02-26
1287,Новосибирск,2026-06-22
1288,Санкт-Петербург,2025-10-09
1289,Ростов-на-Дону,2025-03-01
1290,Москва,2025-09-28
1291,Уфа,2025-06-23
1292,Самара,2026-04-01
1293,Москва,2026-02-28
1294,Москва,2025-08-20
1295,Самара,2025-07-31
1296,Москва,2025-03-28
1297,Казань,2025-01-24
1298,Уфа,2025-06-20
1299,Екатеринбург,2025-05-12
1300,Санкт-Петербург,2025-05-25
1301,Санкт-Петербург,2026-06-29
1302,Москва,2026-01-07
1303,Воронеж,2025-10-28
1304,Санкт-Петербург,2025-04-08
1305,Москва,2026-04-04
1306,Санкт-Петербург,2025-12-18
1307,Воронеж,2025-10-08
1308,Москва,2025-09-11
1309,Ростов-на-Дону,2025-10-29
1310,Новосибирск,2026-04-03
1311,Самара,2026-01-28
1312,Воронеж,2025-09-22
1313,Самара,2025-12-30
1314,Уфа,2026-05-22
1315,Москва,2025-06-27
1316,Нижний Новгород,2026-05-06
1317,Казань,2025-11-27
1318,Казань,2025-04-11
1319,Ростов-на-Дону,2026-06-11
1320,Воронеж,2026-01-09
1321,Новосибирск,2025-07-30
1322,Казань,2025-04-27
1323,Санкт-Петербург,2026-05-15
1324,Санкт-Петербург,2026-03-25
1325,Санкт-Петербург,2025-01-25
1326,Санкт-Петербург,2025-12-13
1327,Москва,2025-03-04
1328,Москва,2025-06-10
1329,Нижний Новгород,2025-11-06
1330,Санкт-Петербург,2025-05-16
1331,Уфа,2025-10-07
1332,Екатеринбург,2025-08-23
1333,Москва,2025-11-13
1334,Москва,2026-03-13
1335,Москва,2025-03-26
1336,Воронеж,2026-03-10
1337,Москва,2025-05-02
1338,Казань,2025-01-19
1339,Уфа,2025-09-01
1340,Воронеж,2025-06-14
1341,Москва,2025-04-11
1342,Москва,2025-08-19
1343,Москва,2026-04-19
1344,Москва,2025-11-16
1345,Москва,2026-02-01
1346,Екатеринбург,2025-03-23
1347,Уфа,2025-02-11
1348,Казань,2025-07-02
1349,Екатеринбург,2026-02-27
1350,Москва,2026-04-28
1351,Самара,2025-02-25
1352,Екатеринбург,2025-09-17
1353,Ростов-на-Дону,2025-08-05
1354,Уфа,2026-02-10
1355,Санкт-Петербург,2025-04-22
1356,Москва,2025-09-22
1357,Москва,2026-04-09
1358,Санкт-Петербург,2025-09-11
1359,Уфа,2026-03-02
1360,Санкт-Петербург,2025-12-05
1361,Нижний Новгород,2025-11-22
1362,Казань,2025-05-22
1363,Москва,2026-06-25
1364,Санкт-Петербург,2025-05-17
1365,Новосибирск,2026-05-23
1366,Новосибирск,2026-06-24
1367,Санкт-Петербург,2025-10-06
1368,Москва,2026-04-19
1369,Новосибирск,2026-01-25
1370,Москва,2026-02-07
1371,Уфа,2025-02-07
1372,Москва,2025-03-16
1373,Москва,2025-02-07
1374,Казань,2025-01-17
1375,Казань,2026-04-01
1376,Казань,2025-04-06
1377,Санкт-Петербург,2025-01-04
1378,Воронеж,2026-05-27
1379,Казань,2025-06-01
1380,Казань,2026-03-21
1381,Санкт-Петербург,2026-06-08
1382,Москва,2025-10-13
1383,Екатеринбург,2026-05-21
1384,Москва,2026-06-12
1385,Екатеринбург,2025-03-20
1386,Москва,2025-03-21
1387,Воронеж,2025-07-21
1388,Казань,2025-11-01
1389,Ростов-на-Дону,2026-03-05
1390,Казань,2025-04-10
1391,Москва,2025-04-16
1392,Самара,2025-06-17
1393,Екатеринбург,2025-05-28
1394,Нижний Новгород,2026-05-28
1395,Санкт-Петербург,2025-08-04
1396,Екатеринбург,2026-04-19
1397,Самара,2025-01-31
1398,Екатеринбург,2025-02-25
1399,Санкт-Петербург,2026-03-14
1400,Новосибирск,2025-05-17
1401,Новосибирск,2025-02-15
1402,Воронеж,2025-11-21
1403,Санкт-Петербург,2025-03-22
1404,Санкт-Петербург,2025-02-03
1405,Самара,2025-08-10
1406,Казань,2025-10-27
1407,Нижний Новгород,2025-10-15
1408,Санкт-Петербург,2025-11-15
1409,Москва,2025-01-13
1410,Нижний Новгород,2025-06-08
1411,Москва,2025-07-07
1412,Москва,2025-06-09
1413,Екатеринбург,2025-11-01
1414,Нижний Новгород,2025-05-05
1415,Ростов-на-Дону,2025-12-11
1416,Москва,2026-05-25
1417,Москва,2025-12-27
1418,Уфа,2025-07-31
1419,Москва,2025-08-25
1420,Москва,2025-11-15
1421,Санкт-Петербург,2026-01-30
1422,Казань,2025-06-14
1423,Ростов-на-Дону,2025-01-21
1424,Нижний Новгород,2026-01-18
1425,Новосибирск,2025-12-27
1426,Москва,2025-02-25
1427,Санкт-Петербург,2025-12-08
1428,Казань,2025-02-09
1429,Москва,2025-12-17
1430,Москва,2026-02-10
1431,Санкт-Петербург,2025-01-09
1432,Москва,2026-02-01
1433,Казань,2025-03-07
1434,Новосибирск,2025-05-25
1435,Москва,2026-01-20
1436,Казань,2025-07-13
1437,Нижний Новгород,2026-06-17
1438,Нижний Новгород,2026-06-06
1439,Самара,2026-06-22
1440,Санкт-Петербург,2025-02-26
1441,Самара,2025-04-07
1442,Москва,2025-04-10
1443,Санкт-Петербург,2025-11-16
1444,Москва,2025-08-23
1445,Казань,2026-02-11
1446,Санкт-Петербург,2025-06-03
1447,Москва,2025-04-19
1448,Нижний Новгород,2025-12-20
1449,Санкт-Петербург,2025-12-03
1450,Москва,2026-01-12
1451,Москва,2025-06-20
1452,Санкт-Петербург,2025-10-14
1453,Санкт-Петербург,2026-05-21
1454,Санкт-Петербург,2025-11-30
1455,Москва,2026-05-24
1456,Нижний Новгород,2025-08-25
1457,Уфа,2025-01-25
1458,Казань,2026-02-19
1459,Екатеринбург,2025-09-08
1460,Ростов-на-Дону,2025-01-23
1461,Воронеж,2025-03-17
1462,Екатеринбург,2025-06-20
1463,Ростов-на-Дону,2025-04-15
1464,Ростов-на-Дону,2026-01-09
1465,Нижний Новгород,2025-11-30
1466,Казань,2025-06-29
1467,Москва,2025-02-16
1468,Москва,2025-02-12
1469,Казань,2026-05-31
1470,Казань,2025-07-08
1471,Санкт-Петербург,2025-02-28
1472,Екатеринбург,2026-01-23
1473,Казань,2026-04-20
1474,Самара,2025-03-08
1475,Москва,2026-05-30
1476,Москва,2026-01-30
1477,Нижний Новгород,2025-05-18
1478,Самара,2026-02-27
1479,Воронеж,2025-08-17
1480,Ростов-на-Дону,2025-12-13
1481,Ростов-на-Дону,2025-03-11
1482,Санкт-Петербург,2025-05-14
1483,Санкт-Петербург,2026-02-26
1484,Москва,2026-03-15
1485,Екатеринбург,2025-01-06
1486,Уфа,2025-04-27
1487,Санкт-Петербург,2025-11-28
1488,Казань,2026-05-09
1489,Санкт-Петербург,2026-01-03
1490,Москва,2026-01-21
1491,Москва,2025-07-31
1492,Москва,2025-01-30
1493,Уфа,2026-02-22
1494,Санкт-Петербург,2026-03-12
1495,Самара,2025-08-30
1496,Новосибирск,2025-10-04
1497,Москва,2025-05-09
1498,Москва,2025-09-04
1499,Самара,2025-05-12
1500,Москва,2025-08-18
1501,Уфа,2025-03-15
1502,Москва,2025-11-27
1503,Новосибирск,2025-05-15
1504,Самара,2026-01-30
1505,Москва,2025-10-10
1506,Москва,2026-05-04
1507,Воронеж,2025-05-01
1508,Москва,2025-05-29
1509,Санкт-Петербург,2025-05-13
1510,Санкт-Петербург,2025-12-10
1511,Москва,2025-02-28
1512,Нижний Новгород,2026-01-10
1513,Нижний Новгород,2026-03-23
1514,Санкт-Петербург,2026-01-03
1515,Самара,2025-03-15
1516,Москва,2025-09-26
1517,Москва,2025-10-18
1518,Екатеринбург,2025-08-02
1519,Воронеж,2025-09-12
1520,Москва,2026-02-20
1521,Москва,2026-03-31
1522,Казань,2025-06-13
1523,Самара,2025-06-29
1524,Москва,2025-04-24
1525,Санкт-Петербург,2025-08-07
1526,Нижний Новгород,2025-10-25
1527,Санкт-Петербург,2026-01-24
1528,Москва,2025-05-26
1529,Москва,2025-04-28
1530,Санкт-Петербург,2025-01-19
1531,Казань,2025-02-21
1532,Ростов-на-Дону,2025-01-29
1533,Екатеринбург,2025-04-24
1534,Новосибирск,2026-01-14
1535,Воронеж,2026-02-26
1536,Санкт-Петербург,2026-06-15
1537,Санкт-Петербург,2025-10-25
1538,Уфа,2025-09-05
1539,Москва,2026-05-06
1540,Новосибирск,2025-03-22
1541,Нижний Новгород,2025-12-10
1542,Москва,2026-03-22
1543,Казань,2025-10-01
1544,Москва,2025-05-23
1545,Москва,2025-12-05
1546,Казань,2026-06-27
1547,Санкт-Петербург,2025-05-09
1548,Нижний Новгород,2025-11-03
1549,Ростов-на-Дону,2025-01-28
1550,Самара,2025-05-07
1551,Москва,2026-02-23
1552,Москва,2025-09-28
1553,Москва,2025-04-19
1554,Москва,2025-07-02
1555,Уфа,2025-03-07
1556,Санкт-Петербург,2026-03-01
1557,Москва,2026-05-29
1558,Самара,2025-02-27
1559,Санкт-Петербург,2025-05-10
1560,Москва,2026-04-13
1561,Москва,2026-04-24
1562,Екатеринбург,2026-02-23
1563,Нижний Новгород,2026-01-25
1564,Москва,2026-04-15
1565,Уфа,2025-07-23
1566,Самара,2026-05-03
1567,Самара,2026-04-29
1568,Москва,2025-05-06
1569,Москва,2025-02-09
1570,Ростов-на-Дону,2025-10-11
1571,Санкт-Петербург,2026-02-18
1572,Екатеринбург,2026-04-09
1573,Нижний Новгород,2025-03-19
1574,Москва,2025-07-25
1575,Нижний Новгород,2026-02-23
1576,Уфа,2025-02-02
1577,Новосибирск,2026-01-29
1578,Санкт-Петербург,2025-06-08
1579,Ростов-на-Дону,2025-01-13
1580,Казань,2025-05-12
1581,Нижний Новгород,2026-02-09
1582,Самара,2026-04-20
1583,Нижний Новгород,2025-02-14
1584,Санкт-Петербург,2025-09-10
1585,Москва,2025-04-20
1586,Москва,2026-01-08
1587,Казань,2026-03-02
1588,Казань,2026-06-09
1589,Екатеринбург,2025-07-13
1590,Санкт-Петербург,2025-06-13
1591,Нижний Новгород,2025-06-18
1592,Уфа,2026-02-19
1593,Москва,2025-08-31
1594,Нижний Новгород,2025-01-13
1595,Новосибирск,2026-06-01
1596,Казань,2025-02-26
1597,Москва,2026-05-21
1598,Нижний Новгород,2025-03-30
1599,Воронеж,2025-10-21
1600,Новосибирск,2025-06-20
1601,Уфа,2026-01-10
1602,Воронеж,2025-08-08
1603,Санкт-Петербург,2025-07-20
1604,Екатеринбург,2025-09-17
1605,Казань,2026-06-14
1606,Воронеж,2025-05-14
1607,Москва,2025-04-30
1608,Санкт-Петербург,2025-02-06
1609,Ростов-на-Дону,2026-02-07
1610,Санкт-Петербург,2026-01-05
1611,Нижний Новгород,2025-11-28
1612,Санкт-Петербург,2025-01-13
1613,Воронеж,2026-03-07
1614,Ростов-на-Дону,2026-03-18
1615,Санкт-Петербург,2026-05-31
1616,Нижний Новгород,2026-05-22
1617,Санкт-Петербург,2025-05-24
1618,Екатеринбург,2026-01-23
1619,Новосибирск,2025-08-08
1620,Самара,2025-11-21
1621,Москва,2025-07-01
1622,Москва,2025-12-25
1623,Новосибирск,2026-06-04
1624,Екатеринбург,2025-12-22
1625,Казань,2026-05-17
1626,Москва,2026-05-23
1627,Санкт-Петербург,2025-03-06
1628,Ростов-на-Дону,2026-06-10
1629,Москва,2026-03-22
1630,Санкт-Петербург,2025-08-21
1631,Уфа,2025-11-24
1632,Москва,2025-12-03
1633,Нижний Новгород,2026-03-05
1634,Москва,2026-03-14
1635,Ростов-на-Дону,2025-02-25
1636,Нижний Новгород,2025-01-01
1637,Ростов-на-Дону,2025-05-15
1638,Москва,2025-10-15
1639,Казань,2026-04-08
1640,Нижний Новгород,2025-12-22
1641,Москва,2025-03-16
1642,Москва,2026-01-26
1643,Москва,2025-09-13
1644,Уфа,2025-07-20
1645,Новосибирск,2026-02-25
1646,Екатеринбург,2025-06-11
1647,Нижний Новгород,2025-12-04
1648,Казань,2025-04-10
1649,Казань,2025-07-27
1650,Санкт-Петербург,2025-11-01
1651,Екатеринбург,2025-12-06
1652,Москва,2026-05-17
1653,Ростов-на-Дону,2025-06-08
1654,Самара,2026-05-04
1655,Санкт-Петербург,2026-03-22
1656,Екатеринбург,2025-07-16
1657,Москва,2025-03-18
1658,Воронеж,2025-05-21
1659,Ростов-на-Дону,2025-12-25
1660,Уфа,2026-03-06
1661,Санкт-Петербург,2025-11-30
1662,Москва,2026-01-31
1663,Москва,2025-02-25
1664,Москва,2025-10-03
1665,Москва,2026-04-22
1666,Москва,2025-08-01
1667,Воронеж,2026-05-05
1668,Москва,2025-03-09
1669,Москва,2026-06-18
1670,Самара,2026-03-04
1671,Екатеринбург,2025-12-08
1672,Нижний Новгород,2025-12-03
1673,Екатеринбург,2026-05-26
1674,Ростов-на-Дону,2025-07-25
1675,Екатеринбург,2025-03-31
1676,Казань,2026-05-16
1677,Новосибирск,2025-02-26
1678,Санкт-Петербург,2025-12-26
1679,Санкт-Петербург,2025-05-25
1680,Казань,2026-05-22
1681,Москва,2026-06-15
1682,Нижний Новгород,2025-09-16
1683,Москва,2025-10-18
1684,Москва,2025-09-05
1685,Москва,2025-08-20
1686,Самара,2026-05-26
1687,Санкт-Петербург,2025-06-06
1688,Новосибирск,2026-06-08
1689,Самара,2025-12-21
1690,Москва,2026-06-08
1691,Нижний Новгород,2025-11-30
1692,Санкт-Петербург,2026-03-23
1693,Москва,2025-09-25
1694,Новосибирск,2025-09-10
1695,Ростов-на-Дону,2025-05-21
1696,Санкт-Петербург,2025-04-25
1697,Екатеринбург,2025-01-21
1698,Санкт-Петербург,2025-07-28
1699,Казань,2026-06-23
1700,Екатеринбург,2026-05-27
1701,Екатеринбург,2026-01-12
1702,Екатеринбург,2025-07-18
1703,Москва,2025-10-11
1704,Новосибирск,2026-02-17
1705,Новосибирск,2025-01-02
1706,Новосибирск,2026-05-19
1707,Москва,2026-04-20
1708,Санкт-Петербург,2026-06-13
1709,Санкт-Петербург,2025-02-21
1710,Москва,2026-06-01
1711,Москва,2025-12-01
1712,Санкт-Петербург,2025-10-30
1713,Нижний Новгород,2025-04-08
1714,Москва,2025-09-26
1715,Самара,2025-07-17
1716,Казань,2026-06-23
1717,Нижний Новгород,2025-07-05
1718,Казань,2025-04-29
1719,Казань,2026-05-31
1720,Екатеринбург,2025-04-13
1721,Уфа,2026-05-08
1722,Казань,2026-06-09
1723,Казань,2025-06-17
1724,Екатеринбург,2026-01-11
1725,Нижний Новгород,2026-03-11
1726,Москва,2025-10-20
1727,Казань,2026-01-15
1728,Казань,2025-03-13
1729,Уфа,2025-10-09
1730,Казань,2025-10-07
1731,Казань,2025-11-05
1732,Воронеж,2026-05-30
1733,Санкт-Петербург,2026-03-26
1734,Москва,2025-11-25
1735,Москва,2025-08-08
1736,Москва,2025-08-09
1737,Москва,2025-01-11
1738,Санкт-Петербург,2025-10-28
1739,Нижний Новгород,2025-05-18
1740,Нижний Новгород,2026-04-28
1741,Москва,2026-02-26
1742,Екатеринбург,2026-05-13
1743,Москва,2026-06-27
1744,Уфа,2025-08-07
1745,Москва,2025-08-22
1746,Екатеринбург,2025-11-28
1747,Санкт-Петербург,2025-08-23
1748,Екатеринбург,2025-06-02
1749,Санкт-Петербург,2026-01-21
1750,Нижний Новгород,2025-09-03
1751,Москва,2026-05-29
1752,Ростов-на-Дону,2025-04-30
1753,Казань,2025-08-30
1754,Нижний Новгород,2025-10-17
1755,Самара,2026-05-10
1756,Воронеж,2025-11-12
1757,Москва,2025-02-07
1758,Санкт-Петербург,2025-07-04
1759,Москва,2026-04-28
1760,Москва,2025-05-29
1761,Екатеринбург,2025-07-05
1762,Воронеж,2025-03-24
1763,Воронеж,2026-01-28
1764,Казань,2025-03-18
1765,Екатеринбург,2025-07-20
1766,Самара,2026-01-23
1767,Уфа,2026-05-04
1768,Москва,2025-05-01
1769,Казань,2025-07-01
1770,Самара,2025-03-06
1771,Санкт-Петербург,2025-08-27
1772,Санкт-Петербург,2026-06-29
1773,Воронеж,2025-06-15
1774,Воронеж,2025-05-22
1775,Ростов-на-Дону,2025-08-06
1776,Нижний Новгород,2026-05-04
1777,Москва,2025-10-26
1778,Санкт-Петербург,2025-11-29
1779,Казань,2026-03-02
1780,Екатеринбург,2026-01-25
1781,Казань,2025-11-23
1782,Екатеринбург,2025-11-02
1783,Санкт-Петербург,2025-10-18
1784,Нижний Новгород,2025-04-09
1785,Санкт-Петербург,2025-08-14
1786,Санкт-Петербург,2026-04-07
1787,Москва,2025-01-22
1788,Москва,2026-03-28
1789,Самара,2025-11-05
1790,Санкт-Петербург,2025-07-10
1791,Москва,2025-03-04
1792,Нижний Новгород,2026-02-21
1793,Казань,2025-01-01
1794,Москва,2025-10-23
1795,Санкт-Петербург,2025-03-30
1796,Москва,2026-05-11
1797,Новосибирск,2025-04-10
1798,Москва,2026-03-14
1799,Москва,2025-11-09
1800,Москва,2025-01-23
1801,Екатеринбург,2026-01-28
1802,Москва,2026-04-25
1803,Самара,2025-05-01
1804,Москва,2026-06-12
1805,Екатеринбург,2026-03-12
1806,Санкт-Петербург,2026-02-09
1807,Санкт-Петербург,2025-07-03
1808,Москва,2025-03-07
1809,Самара,2025-08-22
1810,Ростов-на-Дону,2026-03-17
1811,Москва,2025-11-16
1812,Москва,2025-12-19
1813,Ростов-на-Дону,2026-03-02
1814,Казань,2025-07-04
1815,Москва,2025-01-21
1816,Москва,2026-04-27
1817,Новосибирск,2025-12-01
1818,Новосибирск,2025-11-05
1819,Екатеринбург,2025-11-09
1820,Уфа,2026-04-10
1821,Казань,2026-02-24
1822,Санкт-Петербург,2026-01-01
1823,Казань,2026-03-03
1824,Санкт-Петербург,2025-06-07
1825,Москва,2026-01-23
1826,Москва,2026-06-16
1827,Санкт-Петербург,2025-05-09
1828,Новосибирск,2025-11-08
1829,Москва,2026-01-07
1830,Санкт-Петербург,2025-10-09
1831,Екатеринбург,2026-06-13
1832,Екатеринбург,2025-08-08
1833,Нижний Новгород,2025-04-29
1834,Самара,2025-03-16
1835,Новосибирск,2026-04-08
1836,Москва,2026-01-09
1837,Казань,2025-11-12
1838,Екатеринбург,2025-08-23
1839,Москва,2025-08-12
1840,Москва,2026-05-25
1841,Москва,2026-01-06
1842,Санкт-Петербург,2026-06-10
1843,Санкт-Петербург,2026-03-13
1844,Москва,2026-02-23
1845,Самара,2025-10-29
1846,Уфа,2025-05-13
1847,Москва,2025-12-23
1848,Уфа,2026-01-26
1849,Москва,2025-10-12
1850,Уфа,2025-01-12
1851,Уфа,2026-06-08
1852,Москва,2026-03-27
1853,Нижний Новгород,2025-07-11
1854,Воронеж,2025-09-27
1855,Ростов-на-Дону,2025-03-09
1856,Воронеж,2026-05-26
1857,Казань,2025-05-06
1858,Москва,2025-07-25
1859,Самара,2025-08-22
1860,Екатеринбург,2025-05-24
1861,Екатеринбург,2025-12-12
1862,Санкт-Петербург,2026-06-27
1863,Екатеринбург,2026-04-12
1864,Москва,2025-10-17
1865,Нижний Новгород,2025-03-13
1866,Москва,2026-04-16
1867,Новосибирск,2025-05-20
1868,Самара,2026-05-12
1869,Казань,2025-08-04
1870,Казань,2025-10-10
1871,Санкт-Петербург,2025-08-26
1872,Воронеж,2025-09-06
1873,Нижний Новгород,2025-03-31
1874,Санкт-Петербург,2025-10-29
1875,Москва,2025-08-08
1876,Москва,2026-04-08
1877,Казань,2025-09-18
1878,Уфа,2026-06-10
1879,Нижний Новгород,2025-06-11
1880,Москва,2025-06-28
1881,Самара,2025-01-21
1882,Санкт-Петербург,2026-02-07
1883,Самара,2025-02-10
1884,Москва,2025-06-05
1885,Екатеринбург,2026-05-12
1886,Уфа,2025-11-29
1887,Москва,2025-11-01
1888,Новосибирск,2026-03-15
1889,Воронеж,2026-02-25
1890,Москва,2026-04-29
1891,Москва,2025-12-29
1892,Новосибирск,2025-09-02
1893,Санкт-Петербург,2025-03-13
1894,Москва,2025-07-21
1895,Казань,2026-01-20
1896,Нижний Новгород,2025-05-19
1897,Санкт-Петербург,2026-01-01
1898,Санкт-Петербург,2025-03-14
1899,Самара,2025-02-02
1900,Казань,2025-07-18
1901,Самара,2025-05-06
1902,Санкт-Петербург,2026-04-21
1903,Уфа,2025-07-26
1904,Новосибирск,2025-08-17
1905,Москва,2025-08-08
1906,Ростов-на-Дону,2025-06-22
1907,Казань,2026-05-16
1908,Москва,2026-02-07
1909,Москва,2025-03-28
1910,Новосибирск,2025-04-28
1911,Москва,2025-02-14
1912,Санкт-Петербург,2025-05-20
1913,Москва,2025-12-24
1914,Санкт-Петербург,2026-05-26
1915,Санкт-Петербург,2025-09-20
1916,Казань,2025-02-14
1917,Москва,2025-01-26
1918,Москва,2025-08-14
1919,Екатеринбург,2025-05-25
1920,Санкт-Петербург,2025-11-11
1921,Новосибирск,2025-03-06
1922,Москва,2025-05-06
1923,Москва,2025-10-30
1924,Москва,2025-06-03
1925,Санкт-Петербург,2025-07-18
1926,Санкт-Петербург,2025-05-01
1927,Самара,2025-01-29
1928,Санкт-Петербург,2025-07-08
1929,Казань,2025-06-29
1930,Екатеринбург,2026-05-05
1931,Москва,2026-05-02
1932,Казань,2025-08-24
1933,Санкт-Петербург,2025-06-06
1934,Санкт-Петербург,2025-08-16
1935,Москва,2025-11-28
1936,Нижний Новгород,2025-07-30
1937,Уфа,2026-02-17
1938,Москва,2026-06-10
1939,Екатеринбург,2025-08-08
1940,Нижний Новгород,2025-03-05
1941,Санкт-Петербург,2025-03-07
1942,Нижний Новгород,2026-04-21
1943,Екатеринбург,2025-08-15
1944,Уфа,2025-06-28
1945,Воронеж,2025-12-04
1946,Москва,2026-06-06
1947,Санкт-Петербург,2025-08-20
1948,Казань,2025-06-21
1949,Москва,2026-04-16
1950,Санкт-Петербург,2025-02-15
1951,Воронеж,2026-04-06
1952,Москва,2025-10-11
1953,Санкт-Петербург,2025-01-11
1954,Самара,2025-05-05
1955,Санкт-Петербург,2026-01-06
1956,Казань,2026-02-15
1957,Воронеж,2025-04-17
1958,Казань,2025-12-25
1959,Москва,2026-06-24
1960,Москва,2026-01-10
1961,Уфа,2026-01-18
1962,Москва,2025-04-16
1963,Казань,2025-12-14
1964,Москва,2026-01-22
1965,Санкт-Петербург,2025-03-02
1966,Уфа,2025-06-19
1967,Казань,2026-04-27
1968,Воронеж,2026-06-29
1969,Москва,2025-04-05
1970,Казань,2026-02-03
1971,Самара,2025-10-01
1972,Санкт-Петербург,2025-11-18
1973,Москва,2025-10-06
1974,Самара,2026-04-18
1975,Санкт-Петербург,2025-08-31
1976,Казань,2025-11-18
1977,Воронеж,2025-12-31
1978,Москва,2025-10-29
1979,Санкт-Петербург,2026-04-25
1980,Москва,2025-05-10
1981,Санкт-Петербург,2026-06-01
1982,Москва,2026-01-05
1983,Новосибирск,2026-06-08
1984,Москва,2025-07-24
1985,Новосибирск,2025-09-18
1986,Москва,2025-01-24
1987,Санкт-Петербург,2026-05-19
1988,Санкт-Петербург,2026-03-21
1989,Новосибирск,2025-06-11
1990,Казань,2025-01-29
1991,Санкт-Петербург,2026-01-15
1992,Самара,2026-01-02
1993,Екатеринбург,2025-10-15
1994,Москва,2025-03-27
1995,Ростов-на-Дону,2026-05-16
1996,Санкт-Петербург,2025-08-24
1997,Москва,2026-01-30
1998,Казань,2026-04-14
1999,Москва,2025-10-26
2000,Москва,2025-02-21
2001,Нижний Новгород,2026-04-29
2002,Москва,2025-12-30
2003,Самара,2026-05-03
2004,Уфа,2025-11-30
2005,Екатеринбург,2026-05-10
2006,Новосибирск,2026-04-18
2007,Новосибирск,2025-04-28
2008,Воронеж,2025-04-05
2009,Санкт-Петербург,2025-03-29
2010,Москва,2026-03-12
2011,Казань,2025-05-12
2012,Казань,2025-09-03
2013,Москва,2026-03-06
2014,Екатеринбург,2025-08-22
2015,Москва,2025-02-03
2016,Уфа,2025-07-17
2017,Москва,2025-02-21
2018,Москва,2025-07-30
2019,Москва,2026-02-06
2020,Москва,2025-10-11
2021,Москва,2026-01-03
2022,Москва,2025-02-28
2023,Москва,2026-02-13
2024,Москва,2025-08-20
2025,Санкт-Петербург,2025-06-06
2026,Санкт-Петербург,2025-12-22
2027,Санкт-Петербург,2025-03-15
2028,Санкт-Петербург,2025-09-29
2029,Москва,2025-08-19
2030,Москва,2025-04-01
2031,Москва,2026-06-03
2032,Нижний Новгород,2025-07-17
2033,Воронеж,2025-01-23
2034,Уфа,2025-08-30
2035,Казань,2026-06-11
2036,Казань,2025-12-31
2037,Санкт-Петербург,2025-12-14
2038,Нижний Новгород,2026-05-06
2039,Нижний Новгород,2025-02-15
2040,Самара,2025-10-27
2041,Ростов-на-Дону,2025-06-24
2042,Санкт-Петербург,2026-01-04
2043,Нижний Новгород,2026-04-10
2044,Самара,2025-02-12
2045,Санкт-Петербург,2025-03-28
2046,Уфа,2026-06-05
2047,Москва,2025-09-26
2048,Воронеж,2025-06-21
2049,Нижний Новгород,2025-03-24
2050,Москва,2025-07-13
2051,Новосибирск,2025-01-03
2052,Москва,2025-05-02
2053,Нижний Новгород,2025-04-10
2054,Нижний Новгород,2025-02-16
2055,Екатеринбург,2026-06-13
2056,Самара,2026-03-07
2057,Москва,2026-05-28
2058,Москва,2025-05-12
2059,Санкт-Петербург,2025-06-07
2060,Москва,2025-06-04
2061,Санкт-Петербург,2025-11-01
2062,Москва,2025-04-10
2063,Санкт-Петербург,2025-05-09
2064,Санкт-Петербург,2026-06-16
2065,Ростов-на-Дону,2025-07-11
2066,Москва,2026-03-02
2067,Ростов-на-Дону,2025-05-05
2068,Санкт-Петербург,2026-05-22
2069,Санкт-Петербург,2026-01-14
2070,Казань,2026-04-15
2071,Санкт-Петербург,2025-10-09
2072,Москва,2026-05-09
2073,Казань,2025-07-17
2074,Москва,2025-09-19
2075,Санкт-Петербург,2025-02-03
2076,Екатеринбург,2025-04-03
2077,Санкт-Петербург,2026-02-25
2078,Самара,2025-06-28
2079,Москва,2025-02-25
2080,Воронеж,2025-06-09
2081,Нижний Новгород,2025-07-12
2082,Воронеж,2026-01-26
2083,Самара,2025-02-19
2084,Москва,2025-01-14
2085,Казань,2026-01-30
2086,Москва,2025-03-19
2087,Самара,2025-08-17
2088,Екатеринбург,2026-01-08
2089,Москва,2025-10-08
2090,Уфа,2025-03-09
2091,Москва,2026-01-29
2092,Екатеринбург,2025-01-27
2093,Новосибирск,2025-05-07
2094,Москва,2025-03-01
2095,Екатеринбург,2025-10-07
2096,Самара,2026-01-12
2097,Москва,2025-12-21
2098,Казань,2025-03-17
2099,Москва,2025-07-07
2100,Новосибирск,2025-03-21
2101,Москва,2025-07-06
2102,Уфа,2025-05-06
2103,Ростов-на-Дону,2026-02-08
2104,Москва,2026-02-14
2105,Санкт-Петербург,2026-03-23
2106,Екатеринбург,2025-04-20
2107,Новосибирск,2025-01-08
2108,Санкт-Петербург,2025-01-20
2109,Москва,2026-04-05
2110,Москва,2026-05-09
2111,Воронеж,2025-04-26
2112,Санкт-Петербург,2026-04-23
2113,Ростов-на-Дону,2025-10-16
2114,Казань,2025-04-11
2115,Уфа,2025-06-20
2116,Москва,2025-05-25
2117,Москва,2026-02-21
2118,Уфа,2025-04-13
2119,Уфа,2025-04-10
2120,Санкт-Петербург,2026-01-28
2121,Санкт-Петербург,2025-06-14
2122,Санкт-Петербург,2025-05-17
2123,Санкт-Петербург,2026-03-17
2124,Москва,2026-05-23
2125,Ростов-на-Дону,2025-10-30
2126,Москва,2026-03-28
2127,Новосибирск,2026-04-04
2128,Москва,2025-11-17
2129,Москва,2026-03-29
2130,Новосибирск,2025-01-05
2131,Санкт-Петербург,2025-01-20
2132,Новосибирск,2026-04-27
2133,Москва,2025-03-18
2134,Уфа,2026-02-01
2135,Нижний Новгород,2025-08-17
2136,Ростов-на-Дону,2026-03-06
2137,Москва,2025-12-29
2138,Санкт-Петербург,2025-02-09
2139,Санкт-Петербург,2025-07-03
2140,Казань,2026-01-22
2141,Санкт-Петербург,2026-05-18
2142,Москва,2026-03-15
2143,Санкт-Петербург,2026-05-02
2144,Москва,2026-06-06
2145,Санкт-Петербург,2026-05-03
2146,Москва,2025-11-13
2147,Москва,2025-07-03
2148,Екатеринбург,2025-10-04
2149,Санкт-Петербург,2026-03-10
2150,Санкт-Петербург,2025-08-20
2151,Казань,2026-03-29
2152,Нижний Новгород,2026-01-18
2153,Санкт-Петербург,2025-04-25
2154,Екатеринбург,2026-05-17
2155,Воронеж,2026-04-07
2156,Казань,2025-11-23
2157,Ростов-на-Дону,2025-04-16
2158,Нижний Новгород,2025-05-04
2159,Москва,2026-04-03
2160,Санкт-Петербург,2025-01-10
2161,Новосибирск,2025-09-21
2162,Воронеж,2025-12-04
2163,Санкт-Петербург,2025-05-07
2164,Москва,2026-04-17
2165,Екатеринбург,2025-10-12
2166,Москва,2025-02-05
2167,Нижний Новгород,2025-06-24
2168,Казань,2025-08-05
2169,Новосибирск,2025-05-02
2170,Ростов-на-Дону,2026-05-28
2171,Екатеринбург,2025-07-16
2172,Екатеринбург,2025-10-01
2173,Нижний Новгород,2025-10-19
2174,Самара,2025-05-01
2175,Ростов-на-Дону,2025-11-06
2176,Москва,2025-07-12
2177,Казань,2025-01-06
2178,Москва,2025-08-11
2179,Ростов-на-Дону,2025-11-15
2180,Екатеринбург,2025-03-05
2181,Санкт-Петербург,2026-03-01
2182,Москва,2025-12-27
2183,Санкт-Петербург,2025-06-18
2184,Новосибирск,2025-11-19
2185,Москва,2025-06-15
2186,Москва,2025-12-20
2187,Ростов-на-Дону,2025-03-25
2188,Нижний Новгород,2025-11-29
2189,Москва,2025-01-31
2190,Санкт-Петербург,2025-01-10
2191,Воронеж,2025-05-19
2192,Новосибирск,2025-04-06
2193,Екатеринбург,2025-09-25
2194,Санкт-Петербург,2025-04-01
2195,Санкт-Петербург,2025-05-14
2196,Москва,2025-02-23
2197,Новосибирск,2026-04-29
2198,Москва,2026-02-05
2199,Москва,2025-04-29
2200,Новосибирск,2025-03-07
2201,Уфа,2026-04-09
2202,Нижний Новгород,2025-12-31
2203,Казань,2026-04-28
2204,Казань,2025-04-08
2205,Санкт-Петербург,2025-07-15
2206,Санкт-Петербург,2025-03-06
2207,Казань,2025-08-19
2208,Санкт-Петербург,2025-03-30
2209,Екатеринбург,2025-01-03
2210,Ростов-на-Дону,2025-10-05
2211,Воронеж,2026-06-18
2212,Москва,2025-12-18
2213,Санкт-Петербург,2026-02-17
2214,Москва,2026-03-19
2215,Санкт-Петербург,2026-06-14
2216,Санкт-Петербург,2025-03-12
2217,Москва,2025-05-17
2218,Нижний Новгород,2025-12-02
2219,Казань,2026-03-24
2220,Уфа,2026-02-26
2221,Москва,2026-02-01
2222,Москва,2025-06-20
2223,Санкт-Петербург,2025-07-18
2224,Москва,2025-02-13
2225,Москва,2025-06-21
2226,Воронеж,2025-03-26
2227,Москва,2026-05-27
2228,Москва,2025-02-19
2229,Екатеринбург,2025-07-18
2230,Казань,2026-04-29
2231,Екатеринбург,2026-06-05
2232,Санкт-Петербург,2025-07-25
2233,Самара,2025-09-11
2234,Москва,2025-10-13
2235,Санкт-Петербург,2026-03-25
2236,Новосибирск,2026-02-23
2237,Ростов-на-Дону,2025-10-13
2238,Санкт-Петербург,2025-07-22
2239,Екатеринбург,2025-07-22
2240,Москва,2025-12-20
2241,Москва,2026-04-01
2242,Москва,2025-02-11
2243,Новосибирск,2026-02-24
2244,Санкт-Петербург,2025-09-20
2245,Новосибирск,2025-03-21
2246,Москва,2025-02-22
2247,Ростов-на-Дону,2025-07-03
2248,Самара,2025-05-16
2249,Москва,2025-02-26
2250,Москва,2025-06-09
2251,Москва,2026-03-31
2252,Самара,2026-01-27
2253,Москва,2025-04-24
2254,Казань,2026-01-03
2255,Санкт-Петербург,2025-09-04
2256,Нижний Новгород,2026-02-12
2257,Казань,2025-05-15
2258,Казань,2025-02-03
2259,Воронеж,2025-06-20
2260,Москва,2026-06-26
2261,Самара,2025-10-30
2262,Москва,2025-01-30
2263,Казань,2026-06-16
2264,Ростов-на-Дону,2026-03-27
2265,Новосибирск,2025-10-24
2266,Новосибирск,2026-02-08
2267,Москва,2025-04-11
2268,Санкт-Петербург,2025-11-19
2269,Санкт-Петербург,2026-05-13
2270,Казань,2025-08-28
2271,Казань,2025-01-22
2272,Санкт-Петербург,2026-02-17
2273,Санкт-Петербург,2026-02-02
2274,Москва,2026-02-08
2275,Санкт-Петербург,2025-12-20
2276,Москва,2025-03-16
2277,Ростов-на-Дону,2025-03-04
2278,Екатеринбург,2026-03-08
2279,Москва,2026-04-12
2280,Новосибирск,2025-02-12
2281,Самара,2025-11-13
2282,Москва,2025-09-30
2283,Москва,2025-07-10
2284,Москва,2025-12-18
2285,Москва,2026-05-14
2286,Нижний Новгород,2026-03-24
2287,Воронеж,2025-03-25
2288,Москва,2025-09-10
2289,Нижний Новгород,2026-05-25
2290,Москва,2025-05-10
2291,Екатеринбург,2026-04-11
2292,Нижний Новгород,2025-09-25
2293,Санкт-Петербург,2025-10-12
2294,Москва,2025-05-17
2295,Екатеринбург,2026-05-17
2296,Воронеж,2025-10-16
2297,Москва,2025-11-10
2298,Москва,2025-09-10
2299,Москва,2025-02-18
2300,Казань,2026-03-02
2301,Екатеринбург,2025-06-29
2302,Нижний Новгород,2025-05-11
2303,Нижний Новгород,2026-03-03
2304,Ростов-на-Дону,2025-04-19
2305,Самара,2026-01-08
2306,Москва,2025-09-16
2307,Казань,2026-03-12
2308,Санкт-Петербург,2025-01-28
2309,Санкт-Петербург,2026-02-27
2310,Уфа,2025-05-05
2311,Новосибирск,2026-04-20
2312,Воронеж,2025-07-12
2313,Санкт-Петербург,2025-01-04
2314,Казань,2025-09-23
2315,Казань,2025-01-30
2316,Москва,2025-05-27
2317,Москва,2026-01-26
2318,Казань,2025-11-02
2319,Москва,2026-01-22
2320,Уфа,2026-04-24
2321,Москва,2025-09-13
2322,Москва,2025-10-24
2323,Нижний Новгород,2025-02-01
2324,Москва,2025-06-06
2325,Ростов-на-Дону,2026-01-30
2326,Новосибирск,2025-07-15
2327,Москва,2025-03-16
2328,Новосибирск,2026-04-13
2329,Екатеринбург,2025-11-02
2330,Нижний Новгород,2025-12-18
2331,Самара,2026-01-08
2332,Новосибирск,2025-05-03
2333,Екатеринбург,2025-01-28
2334,Санкт-Петербург,2025-08-05
2335,Новосибирск,2025-04-12
2336,Уфа,2025-06-25
2337,Екатеринбург,2025-06-23
2338,Новосибирск,2026-03-03
2339,Санкт-Петербург,2025-06-24
2340,Нижний Новгород,2025-03-24
2341,Воронеж,2026-06-07
2342,Москва,2025-01-27
2343,Москва,2025-04-22
2344,Казань,2025-07-09
2345,Казань,2025-02-04
2346,Екатеринбург,2026-05-06
2347,Москва,2025-07-12
2348,Санкт-Петербург,2026-03-03
2349,Екатеринбург,2025-03-15
2350,Екатеринбург,2025-10-12
2351,Новосибирск,2025-03-10
2352,Новосибирск,2025-05-07
2353,Екатеринбург,2025-08-11
2354,Нижний Новгород,2026-04-16
2355,Екатеринбург,2025-06-16
2356,Казань,2026-02-16
2357,Екатеринбург,2025-02-19
2358,Москва,2025-05-18
2359,Москва,2025-11-26
2360,Казань,2025-09-13
2361,Ростов-на-Дону,2025-10-01
2362,Новосибирск,2026-01-05
2363,Москва,2025-02-12
2364,Екатеринбург,2026-01-15
2365,Москва,2026-04-16
2366,Нижний Новгород,2026-02-22
2367,Самара,2025-06-05
2368,Екатеринбург,2025-07-11
2369,Екатеринбург,2026-06-08
2370,Санкт-Петербург,2026-03-07
2371,Санкт-Петербург,2026-05-23
2372,Ростов-на-Дону,2026-05-13
2373,Новосибирск,2025-08-25
2374,Казань,2025-03-12
2375,Санкт-Петербург,2025-05-05
2376,Москва,2025-06-10
2377,Москва,2026-03-31
2378,Москва,2025-05-31
2379,Санкт-Петербург,2025-07-16
2380,Уфа,2026-04-09
2381,Казань,2025-03-31
2382,Москва,2025-12-28
2383,Москва,2025-10-28
2384,Санкт-Петербург,2026-06-21
2385,Самара,2025-09-24
2386,Санкт-Петербург,2025-10-12
2387,Нижний Новгород,2026-04-09
2388,Самара,2026-06-25
2389,Москва,2026-02-02
2390,Екатеринбург,2026-01-16
2391,Уфа,2026-04-23
2392,Санкт-Петербург,2026-06-18
2393,Москва,2026-02-05
2394,Уфа,2025-06-09
2395,Ростов-на-Дону,2025-12-16
2396,Казань,2025-05-09
2397,Казань,2025-09-30
2398,Москва,2025-08-31
2399,Самара,2026-06-23
2400,Казань,2025-10-30
2401,Москва,2026-06-07
2402,Новосибирск,2026-03-17
2403,Уфа,2026-04-08
2404,Самара,2025-04-03
2405,Москва,2026-02-27
2406,Москва,2025-05-18
2407,Уфа,2025-11-11
2408,Уфа,2025-09-22
2409,Казань,2025-05-22
2410,Екатеринбург,2026-06-21
2411,Казань,2026-04-23
2412,Санкт-Петербург,2025-11-09
2413,Москва,2025-01-06
2414,Москва,2025-04-10
2415,Москва,2025-05-04
2416,Самара,2026-06-14
2417,Москва,2025-08-09
2418,Москва,2025-01-26
2419,Казань,2025-11-16
2420,Москва,2026-06-02
2421,Москва,2025-11-02
2422,Екатеринбург,2025-08-30
2423,Санкт-Петербург,2025-04-06
2424,Екатеринбург,2026-04-24
2425,Уфа,2025-02-27
2426,Москва,2026-05-24
2427,Уфа,2025-05-02
2428,Ростов-на-Дону,2025-03-17
2429,Самара,2025-07-10
2430,Екатеринбург,2025-01-03
2431,Екатеринбург,2025-01-08
2432,Екатеринбург,2025-04-12
2433,Новосибирск,2026-01-13
2434,Москва,2026-03-20
2435,Уфа,2025-05-16
2436,Екатеринбург,2025-12-18
2437,Нижний Новгород,2025-07-11
2438,Санкт-Петербург,2025-08-24
2439,Москва,2025-07-02
2440,Казань,2026-05-01
2441,Казань,2025-10-06
2442,Санкт-Петербург,2025-10-03
2443,Санкт-Петербург,2026-04-14
2444,Москва,2025-12-25
2445,Казань,2025-03-23
2446,Санкт-Петербург,2025-04-13
2447,Воронеж,2025-07-05
2448,Москва,2025-02-23
2449,Санкт-Петербург,2026-01-13
2450,Санкт-Петербург,2025-09-27
2451,Казань,2025-01-25
2452,Казань,2025-08-07
2453,Екатеринбург,2026-03-29
2454,Уфа,2026-05-10
2455,Санкт-Петербург,2026-06-09
2456,Новосибирск,2026-05-18
2457,Москва,2025-11-28
2458,Москва,2026-05-21
2459,Казань,2026-06-06
2460,Москва,2025-12-13
2461,Екатеринбург,2025-08-14
2462,Новосибирск,2026-06-11
2463,Нижний Новгород,2025-08-15
2464,Казань,2025-04-01
2465,Екатеринбург,2025-02-27
2466,Санкт-Петербург,2025-11-06
2467,Москва,2025-01-20
2468,Москва,2025-03-06
2469,Новосибирск,2025-05-14
2470,Воронеж,2025-10-16
2471,Москва,2025-09-18
2472,Казань,2025-10-06
2473,Нижний Новгород,2025-10-04
2474,Самара,2026-06-26
2475,Казань,2025-04-29
2476,Екатеринбург,2025-09-16
2477,Новосибирск,2025-11-30
2478,Самара,2025-05-30
2479,Москва,2025-04-09
2480,Уфа,2025-01-26
2481,Москва,2025-06-27
2482,Самара,2025-05-19
2483,Москва,2025-04-17
2484,Москва,2025-05-28
2485,Москва,2026-01-15
2486,Санкт-Петербург,2026-03-27
2487,Санкт-Петербург,2025-10-09
2488,Москва,2025-02-06
2489,Санкт-Петербург,2026-02-06
2490,Санкт-Петербург,2025-03-24
2491,Нижний Новгород,2025-02-01
2492,Ростов-на-Дону,2025-11-06
2493,Новосибирск,2025-08-20
2494,Москва,2025-06-19
2495,Санкт-Петербург,2026-06-11
2496,Уфа,2025-02-19
2497,Москва,2025-01-30
2498,Санкт-Петербург,2025-11-17
2499,Уфа,2025-08-17
2500,Уфа,2026-03-13
2501,Санкт-Петербург,2025-01-23
2502,Новосибирск,2025-08-17
2503,Санкт-Петербург,2025-03-21
2504,Нижний Новгород,2025-01-23
2505,Москва,2025-09-10
2506,Москва,2026-02-05
2507,Екатеринбург,2025-03-27
2508,Москва,2026-04-05
2509,Новосибирск,2025-10-10
2510,Санкт-Петербург,2025-09-19
2511,Ростов-на-Дону,2026-05-18
2512,Самара,2025-06-29
2513,Казань,2025-04-20
2514,Нижний Новгород,2026-03-05
2515,Москва,2025-02-28
2516,Казань,2026-04-21
2517,Москва,2026-03-26
2518,Ростов-на-Дону,2026-06-17
2519,Самара,2025-09-08
2520,Ростов-на-Дону,2025-12-06
2521,Ростов-на-Дону,2026-04-27
2522,Уфа,2025-03-13
2523,Москва,2025-06-16
2524,Уфа,2025-09-15
2525,Екатеринбург,2025-12-09
2526,Санкт-Петербург,2026-01-06
2527,Екатеринбург,2026-05-19
2528,Санкт-Петербург,2025-09-24
2529,Санкт-Петербург,2025-04-04
2530,Москва,2025-04-14
2531,Москва,2026-03-13
2532,Казань,2025-09-09
2533,Ростов-на-Дону,2025-12-11
2534,Екатеринбург,2025-11-03
2535,Казань,2026-03-20
2536,Санкт-Петербург,2025-04-30
2537,Казань,2025-04-04
2538,Москва,2026-02-04
2539,Самара,2025-08-25
2540,Москва,2026-03-21
2541,Новосибирск,2025-03-12
2542,Нижний Новгород,2025-05-29
2543,Екатеринбург,2026-06-08
2544,Ростов-на-Дону,2026-04-05
2545,Санкт-Петербург,2025-02-04
2546,Ростов-на-Дону,2026-03-22
2547,Новосибирск,2025-02-05
2548,Нижний Новгород,2025-03-07
2549,Новосибирск,2026-05-05
2550,Самара,2025-03-10
2551,Воронеж,2025-06-13
2552,Санкт-Петербург,2025-03-15
2553,Самара,2025-11-22
2554,Нижний Новгород,2025-02-01
2555,Санкт-Петербург,2025-06-06
2556,Уфа,2025-06-27
2557,Санкт-Петербург,2025-12-20
2558,Екатеринбург,2025-09-28
2559,Москва,2025-04-15
2560,Москва,2025-09-11
2561,Самара,2025-09-08
2562,Санкт-Петербург,2025-07-12
2563,Санкт-Петербург,2025-10-18
2564,Москва,2025-06-27
2565,Казань,2025-07-01
2566,Самара,2026-03-03
2567,Ростов-на-Дону,2025-05-18
2568,Москва,2025-06-29
2569,Екатеринбург,2025-03-18
2570,Казань,2026-01-16
2571,Екатеринбург,2026-01-20
2572,Санкт-Петербург,2026-01-05
2573,Санкт-Петербург,2025-04-02
2574,Казань,2025-09-04
2575,Екатеринбург,2025-06-09
2576,Казань,2026-02-21
2577,Казань,2025-07-03
2578,Самара,2025-08-15
2579,Нижний Новгород,2025-09-05
2580,Санкт-Петербург,2026-02-19
2581,Самара,2026-01-18
2582,Самара,2026-03-23
2583,Москва,2025-08-22
2584,Екатеринбург,2026-03-23
2585,Санкт-Петербург,2026-04-20
2586,Нижний Новгород,2025-10-13
2587,Москва,2026-01-06
2588,Новосибирск,2026-05-11
2589,Москва,2026-04-02
2590,Казань,2025-05-31
2591,Уфа,2026-01-26
2592,Санкт-Петербург,2025-09-01
2593,Ростов-на-Дону,2025-03-23
2594,Воронеж,2025-07-22
2595,Ростов-на-Дону,2026-06-17
2596,Москва,2026-06-07
2597,Самара,2026-03-05
2598,Москва,2026-06-24
2599,Санкт-Петербург,2025-11-09
2600,Ростов-на-Дону,2026-02-17
2601,Новосибирск,2025-04-01
2602,Казань,2025-06-12
2603,Санкт-Петербург,2025-04-05
2604,Самара,2026-05-26
2605,Новосибирск,2025-12-01
2606,Казань,2026-05-24
2607,Ростов-на-Дону,2025-08-15
2608,Москва,2025-08-08
2609,Москва,2026-01-04
2610,Екатеринбург,2025-11-06
2611,Воронеж,2025-07-22
2612,Москва,2025-06-23
2613,Москва,2025-10-07
2614,Москва,2025-02-11
2615,Ростов-на-Дону,2025-04-13
2616,Москва,2025-01-24
2617,Казань,2025-03-26
2618,Воронеж,2025-04-19
2619,Москва,2025-02-11
2620,Казань,2025-01-31
2621,Казань,2026-03-23
2622,Самара,2025-04-10
2623,Санкт-Петербург,2025-10-30
2624,Санкт-Петербург,2025-02-23
2625,Москва,2026-06-01
2626,Нижний Новгород,2025-05-11
2627,Нижний Новгород,2026-02-13
2628,Москва,2025-12-16
2629,Санкт-Петербург,2026-02-23
2630,Ростов-на-Дону,2025-12-09
2631,Москва,2025-10-05
2632,Санкт-Петербург,2026-02-25
2633,Казань,2026-03-21
2634,Санкт-Петербург,2025-07-27
2635,Москва,2026-05-29
2636,Казань,2026-06-23
2637,Москва,2026-01-29
2638,Казань,2026-05-22
2639,Новосибирск,2025-02-27
2640,Екатеринбург,2025-10-22
2641,Москва,2025-12-21
2642,Самара,2026-05-21
2643,Москва,2025-03-07
2644,Нижний Новгород,2026-03-16
2645,Санкт-Петербург,2025-02-12
2646,Нижний Новгород,2025-07-15
2647,Москва,2026-01-13
2648,Москва,2025-06-08
2649,Казань,2026-03-31
2650,Москва,2026-05-23
2651,Москва,2025-03-28
2652,Новосибирск,2025-05-21
2653,Самара,2025-02-10
2654,Москва,2026-01-23
2655,Ростов-на-Дону,2026-04-29
2656,Нижний Новгород,2025-11-24
2657,Ростов-на-Дону,2025-03-14
2658,Новосибирск,2025-04-05
2659,Новосибирск,2025-01-20
2660,Казань,2025-09-25
2661,Новосибирск,2026-01-28
2662,Уфа,2025-03-23
2663,Москва,2026-04-08
2664,Санкт-Петербург,2025-05-18
2665,Москва,2025-10-08
2666,Уфа,2025-12-30
2667,Санкт-Петербург,2025-10-22
2668,Новосибирск,2025-09-18
2669,Самара,2025-07-03
2670,Воронеж,2025-08-23
2671,Москва,2025-05-10
2672,Нижний Новгород,2025-06-10
2673,Ростов-на-Дону,2026-02-16
2674,Москва,2026-04-27
2675,Нижний Новгород,2026-04-08
2676,Санкт-Петербург,2025-06-30
2677,Екатеринбург,2025-06-25
2678,Казань,2025-02-01
2679,Москва,2025-05-30
2680,Москва,2025-11-16
2681,Москва,2025-05-26
2682,Москва,2026-02-04
2683,Екатеринбург,2025-01-28
2684,Санкт-Петербург,2025-08-13
2685,Москва,2025-06-03
2686,Новосибирск,2025-09-27
2687,Новосибирск,2025-01-14
2688,Казань,2025-08-17
2689,Уфа,2026-03-06
2690,Санкт-Петербург,2026-04-13
2691,Самара,2025-05-20
2692,Москва,2025-08-22
2693,Нижний Новгород,2026-01-12
2694,Воронеж,2025-09-10
2695,Самара,2025-10-24
2696,Екатеринбург,2025-07-06
2697,Екатеринбург,2026-04-02
2698,Санкт-Петербург,2025-12-11
2699,Новосибирск,2026-06-08
2700,Нижний Новгород,2026-03-01
2701,Воронеж,2025-07-20
2702,Казань,2025-06-28
2703,Москва,2025-02-18
2704,Екатеринбург,2025-12-06
2705,Москва,2026-02-13
2706,Москва,2025-07-13
2707,Санкт-Петербург,2025-01-12
2708,Нижний Новгород,2026-03-26
2709,Москва,2025-05-02
2710,Москва,2025-11-14
2711,Москва,2025-01-30
2712,Ростов-на-Дону,2025-02-04
2713,Новосибирск,2026-05-05
2714,Москва,2026-01-02
2715,Москва,2025-01-03
2716,Казань,2025-02-24
2717,Санкт-Петербург,2025-09-26
2718,Екатеринбург,2026-01-06
2719,Санкт-Петербург,2025-08-20
2720,Уфа,2026-04-21
2721,Санкт-Петербург,2025-12-22
2722,Новосибирск,2025-12-01
2723,Москва,2025-06-07
2724,Уфа,2026-01-07
2725,Воронеж,2026-04-22
2726,Нижний Новгород,2025-01-27
2727,Казань,2026-02-05
2728,Москва,2026-04-25
2729,Самара,2025-08-24
2730,Нижний Новгород,2026-02-22
2731,Москва,2025-07-15
2732,Санкт-Петербург,2025-04-16
2733,Казань,2026-03-21
2734,Самара,2025-06-19
2735,Новосибирск,2026-02-17
2736,Екатеринбург,2025-06-21
2737,Екатеринбург,2025-08-06
2738,Москва,2026-01-09
2739,Санкт-Петербург,2025-07-06
2740,Москва,2026-03-17
2741,Нижний Новгород,2025-01-22
2742,Санкт-Петербург,2025-01-07
2743,Санкт-Петербург,2025-02-14
2744,Москва,2025-05-20
2745,Москва,2025-01-30
2746,Екатеринбург,2025-07-27
2747,Москва,2025-01-14
2748,Москва,2026-02-17
2749,Нижний Новгород,2025-03-25
2750,Санкт-Петербург,2026-06-14
2751,Санкт-Петербург,2026-04-13
2752,Санкт-Петербург,2026-01-14
2753,Самара,2026-03-11
2754,Санкт-Петербург,2026-02-27
2755,Нижний Новгород,2026-04-06
2756,Уфа,2025-10-30
2757,Новосибирск,2025-12-06
2758,Санкт-Петербург,2025-09-13
2759,Нижний Новгород,2025-12-07
2760,Санкт-Петербург,2025-07-27
2761,Санкт-Петербург,2025-03-09
2762,Казань,2026-05-23
2763,Санкт-Петербург,2026-01-16
2764,Москва,2026-01-20
2765,Санкт-Петербург,2025-06-02
2766,Москва,2026-02-25
2767,Санкт-Петербург,2025-10-10
2768,Казань,2025-02-11
2769,Уфа,2026-06-05
2770,Москва,2026-06-25
2771,Екатеринбург,2026-04-20
2772,Санкт-Петербург,2025-09-16
2773,Москва,2025-05-08
2774,Москва,2025-01-07
2775,Москва,2026-02-06
2776,Москва,2026-05-01
2777,Москва,2025-02-26
2778,Санкт-Петербург,2026-01-08
2779,Казань,2025-01-15
2780,Москва,2026-02-28
2781,Москва,2025-01-16
2782,Москва,2026-06-16
2783,Казань,2025-04-03
2784,Санкт-Петербург,2025-08-07
2785,Казань,2026-01-14
2786,Москва,2026-04-07
2787,Москва,2025-07-18
2788,Уфа,2026-06-19
2789,Москва,2025-01-09
2790,Москва,2025-09-14
2791,Москва,2026-06-23
2792,Воронеж,2025-05-30
2793,Екатеринбург,2025-10-18
2794,Екатеринбург,2025-08-31
2795,Воронеж,2025-08-03
2796,Москва,2026-02-23
2797,Воронеж,2025-10-10
2798,Москва,2026-01-25
2799,Екатеринбург,2025-10-11
2800,Санкт-Петербург,2026-06-28
2801,Санкт-Петербург,2025-09-14
2802,Уфа,2026-03-10
2803,Москва,2025-12-01
2804,Воронеж,2026-03-13
2805,Санкт-Петербург,2026-04-28
2806,Екатеринбург,2025-05-04
2807,Воронеж,2025-06-14
2808,Москва,2025-06-14
2809,Уфа,2025-09-23
2810,Екатеринбург,2025-09-26
2811,Новосибирск,2025-01-02
2812,Москва,2026-05-04
2813,Казань,2026-04-14
2814,Новосибирск,2025-11-24
2815,Санкт-Петербург,2025-06-16
2816,Москва,2026-03-27
2817,Москва,2025-05-28
2818,Самара,2025-06-16
2819,Москва,2026-06-28
2820,Новосибирск,2026-05-19
2821,Воронеж,2025-11-15
2822,Москва,2025-04-03
2823,Москва,2025-03-09
2824,Новосибирск,2026-06-10
2825,Москва,2025-05-25
2826,Екатеринбург,2026-01-07
2827,Новосибирск,2025-07-12
2828,Екатеринбург,2025-09-28
2829,Санкт-Петербург,2026-06-22
2830,Новосибирск,2025-11-20
2831,Екатеринбург,2025-08-23
2832,Москва,2025-08-15
2833,Екатеринбург,2025-05-06
2834,Ростов-на-Дону,2025-10-31
2835,Новосибирск,2025-11-07
2836,Казань,2025-02-21
2837,Санкт-Петербург,2025-08-09
2838,Москва,2025-12-18
2839,Москва,2025-01-30
2840,Москва,2026-06-17
2841,Воронеж,2026-04-15
2842,Москва,2025-12-14
2843,Самара,2025-01-09
2844,Москва,2025-10-10
2845,Санкт-Петербург,2026-05-05
2846,Санкт-Петербург,2025-01-13
2847,Санкт-Петербург,2026-03-08
2848,Нижний Новгород,2026-04-03
2849,Уфа,2025-02-11
2850,Ростов-на-Дону,2025-05-06
2851,Москва,2026-01-30
2852,Нижний Новгород,2026-05-12
2853,Москва,2026-02-25
2854,Уфа,2025-10-14
2855,Казань,2025-11-25
2856,Санкт-Петербург,2025-10-13
2857,Москва,2025-11-11
2858,Москва,2026-02-24
2859,Москва,2025-01-28
2860,Уфа,2025-04-25
2861,Нижний Новгород,2025-02-02
2862,Воронеж,2026-03-10
2863,Москва,2026-02-01
2864,Екатеринбург,2025-01-29
2865,Москва,2025-02-27
2866,Казань,2025-05-25
2867,Санкт-Петербург,2025-05-12
2868,Санкт-Петербург,2025-10-11
2869,Екатеринбург,2025-09-29
2870,Москва,2025-07-14
2871,Казань,2025-03-31
2872,Новосибирск,2025-12-20
2873,Москва,2026-03-07
2874,Уфа,2025-12-15
2875,Казань,2026-03-17
2876,Самара,2026-05-14
2877,Новосибирск,2026-04-04
2878,Новосибирск,2025-12-22
2879,Новосибирск,2025-01-28
2880,Ростов-на-Дону,2025-07-02
2881,Екатеринбург,2025-08-22
2882,Москва,2026-01-24
2883,Москва,2026-04-07
2884,Екатеринбург,2025-12-15
2885,Москва,2025-07-17
2886,Москва,2026-03-06
2887,Москва,2026-01-15
2888,Казань,2026-03-11
2889,Москва,2025-11-18
2890,Екатеринбург,2025-12-19
2891,Нижний Новгород,2025-07-09
2892,Самара,2025-08-06
2893,Санкт-Петербург,2025-05-31
2894,Казань,2025-05-20
2895,Екатеринбург,2025-12-22
2896,Казань,2025-07-29
2897,Новосибирск,2025-03-14
2898,Москва,2025-01-20
2899,Воронеж,2026-04-14
2900,Москва,2025-08-26
2901,Самара,2025-11-11
2902,Екатеринбург,2026-05-09
2903,Москва,2025-03-02
2904,Нижний Новгород,2026-05-26
2905,Москва,2026-01-19
2906,Нижний Новгород,2025-12-15
2907,Екатеринбург,2025-08-23
2908,Москва,2026-01-20
2909,Москва,2025-04-22
2910,Нижний Новгород,2025-06-14
2911,Санкт-Петербург,2026-06-08
2912,Ростов-на-Дону,2025-05-31
2913,Нижний Новгород,2026-01-28
2914,Новосибирск,2026-05-23
2915,Москва,2025-11-20
2916,Новосибирск,2025-06-12
2917,Уфа,2026-04-08
2918,Москва,2026-03-27
2919,Санкт-Петербург,2025-10-24
2920,Москва,2025-03-04
2921,Санкт-Петербург,2025-08-29
2922,Нижний Новгород,2025-08-24
2923,Казань,2025-04-14
2924,Екатеринбург,2025-08-08
2925,Санкт-Петербург,2025-03-25
2926,Москва,2026-01-13
2927,Москва,2025-08-24
2928,Самара,2026-02-03
2929,Екатеринбург,2025-09-06
2930,Санкт-Петербург,2026-01-25
2931,Нижний Новгород,2026-02-04
2932,Москва,2025-03-29
2933,Москва,2025-08-29
2934,Москва,2026-02-13
2935,Воронеж,2025-11-20
2936,Новосибирск,2025-05-01
2937,Екатеринбург,2026-03-30
2938,Москва,2025-04-19
2939,Москва,2026-06-26
2940,Екатеринбург,2026-01-21
2941,Санкт-Петербург,2025-06-25
2942,Уфа,2025-04-17
2943,Нижний Новгород,2026-05-07
2944,Санкт-Петербург,2025-10-13
2945,Нижний Новгород,2026-03-16
2946,Воронеж,2026-03-30
2947,Казань,2025-02-07
2948,Екатеринбург,2026-01-08
2949,Уфа,2025-07-02
2950,Москва,2026-05-10
2951,Ростов-на-Дону,2025-04-30
2952,Москва,2025-01-19
2953,Екатеринбург,2025-12-29
2954,Нижний Новгород,2025-10-28
2955,Екатеринбург,2025-10-30
2956,Казань,2025-05-24
2957,Екатеринбург,2025-09-27
2958,Москва,2026-06-10
2959,Москва,2026-02-21
2960,Москва,2026-06-21
2961,Екатеринбург,2025-07-01
2962,Санкт-Петербург,2026-04-20
2963,Москва,2025-07-28
2964,Ростов-на-Дону,2026-05-25
2965,Санкт-Петербург,2026-04-17
2966,Санкт-Петербург,2025-03-31
2967,Санкт-Петербург,2026-06-14
2968,Москва,2025-11-28
2969,Нижний Новгород,2026-02-28
2970,Санкт-Петербург,2025-11-12
2971,Москва,2025-04-29
2972,Воронеж,2026-06-21
2973,Самара,2025-03-03
2974,Новосибирск,2026-03-17
2975,Ростов-на-Дону,2025-04-25
2976,Ростов-на-Дону,2026-03-05
2977,Санкт-Петербург,2025-08-19
2978,Екатеринбург,2025-05-09
2979,Екатеринбург,2025-05-09
2980,Москва,2025-06-24
2981,Москва,2026-05-07
2982,Москва,2026-02-24
2983,Новосибирск,2026-01-01
2984,Нижний Новгород,2025-12-10
2985,Нижний Новгород,2025-08-16
2986,Санкт-Петербург,2026-05-07
2987,Москва,2025-05-30
2988,Санкт-Петербург,2026-05-29
2989,Казань,2025-07-27
2990,Уфа,2025-07-06
2991,Ростов-на-Дону,2025-09-17
2992,Уфа,2026-02-12
2993,Самара,2026-01-25
2994,Воронеж,2026-02-22
2995,Казань,2025-02-18
2996,Москва,2025-03-29
2997,Москва,2026-04-08
2998,Санкт-Петербург,2026-06-19
2999,Москва,2025-03-11
3000,Москва,2026-05-08
3001,Уфа,2025-05-24
3002,Москва,2026-06-18
3003,Уфа,2025-12-14
3004,Нижний Новгород,2025-04-14
3005,Екатеринбург,2026-03-06
3006,Новосибирск,2025-02-25
3007,Санкт-Петербург,2025-07-02
3008,Екатеринбург,2025-12-14
3009,Москва,2025-02-06
3010,Уфа,2025-08-03
3011,Санкт-Петербург,2026-03-11
3012,Москва,2025-02-20
3013,Новосибирск,2025-07-19
3014,Новосибирск,2025-01-03
3015,Санкт-Петербург,2025-12-25
3016,Екатеринбург,2025-02-13
3017,Москва,2025-06-03
3018,Новосибирск,2025-10-12
3019,Москва,2025-04-27
3020,Москва,2025-05-06
3021,Москва,2026-04-01
3022,Санкт-Петербург,2026-02-28
3023,Санкт-Петербург,2025-02-14
3024,Санкт-Петербург,2026-04-13
3025,Москва,2025-09-13
3026,Москва,2025-03-20
3027,Казань,2026-05-10
3028,Москва,2025-07-03
3029,Новосибирск,2025-06-27
3030,Уфа,2025-03-21
3031,Санкт-Петербург,2026-04-29
3032,Ростов-на-Дону,2025-06-06
3033,Москва,2025-11-19
3034,Москва,2025-05-11
3035,Новосибирск,2026-05-04
3036,Нижний Новгород,2026-03-05
3037,Самара,2025-10-02
3038,Москва,2025-07-08
3039,Нижний Новгород,2025-12-24
3040,Санкт-Петербург,2025-09-28
3041,Санкт-Петербург,2026-05-28
3042,Москва,2026-01-03
3043,Воронеж,2025-01-15
3044,Москва,2026-03-25
3045,Самара,2025-04-16
3046,Екатеринбург,2025-06-14
3047,Нижний Новгород,2025-08-26
3048,Новосибирск,2025-04-25
3049,Самара,2026-05-29
3050,Москва,2026-06-18
3051,Москва,2025-03-26
3052,Екатеринбург,2025-06-24
3053,Санкт-Петербург,2025-07-22
3054,Москва,2026-01-01
3055,Москва,2025-11-22
3056,Санкт-Петербург,2026-01-05
3057,Москва,2025-01-17
3058,Москва,2025-10-08
3059,Уфа,2025-04-25
3060,Санкт-Петербург,2025-05-05
3061,Воронеж,2026-02-27
3062,Воронеж,2025-03-19
3063,Москва,2025-01-18
3064,Новосибирск,2025-09-23
3065,Екатеринбург,2026-02-06
3066,Новосибирск,2025-10-06
3067,Москва,2025-03-29
3068,Москва,2026-02-26
3069,Москва,2025-07-28
3070,Екатеринбург,2026-01-22
3071,Воронеж,2025-04-21
3072,Новосибирск,2026-05-13
3073,Новосибирск,2025-06-04
3074,Воронеж,2026-06-14
3075,Новосибирск,2025-07-25
3076,Москва,2026-02-01
3077,Ростов-на-Дону,2025-10-01
3078,Санкт-Петербург,2025-02-11
3079,Москва,2025-02-23
3080,Казань,2025-08-09
3081,Уфа,2025-04-16
3082,Москва,2025-11-28
3083,Казань,2025-03-17
3084,Москва,2025-11-18
3085,Москва,2025-04-22
3086,Москва,2025-04-09
3087,Новосибирск,2025-07-20
3088,Ростов-на-Дону,2025-11-14
3089,Москва,2025-08-06
3090,Санкт-Петербург,2025-07-10
3091,Москва,2025-07-05
3092,Москва,2025-07-04
3093,Казань,2025-08-09
3094,Новосибирск,2026-03-31
3095,Екатеринбург,2025-11-12
3096,Санкт-Петербург,2025-08-18
3097,Казань,2026-02-13
3098,Москва,2025-10-15
3099,Москва,2026-06-02
3100,Уфа,2025-11-03
3101,Нижний Новгород,2025-04-28
3102,Уфа,2025-11-03
3103,Уфа,2026-02-26
3104,Екатеринбург,2025-04-27
3105,Уфа,2025-04-21
3106,Санкт-Петербург,2025-11-23
3107,Москва,2026-04-28
3108,Москва,2025-07-02
3109,Москва,2025-10-04
3110,Москва,2025-12-23
3111,Санкт-Петербург,2025-12-28
3112,Новосибирск,2025-03-21
3113,Нижний Новгород,2025-08-04
3114,Екатеринбург,2026-06-26
3115,Москва,2026-04-30
3116,Нижний Новгород,2026-02-25
3117,Санкт-Петербург,2025-01-14
3118,Москва,2025-08-16
3119,Санкт-Петербург,2025-01-28
3120,Санкт-Петербург,2025-06-14
3121,Москва,2026-04-17
3122,Самара,2025-07-31
3123,Нижний Новгород,2025-04-02
3124,Новосибирск,2026-01-29
3125,Москва,2026-02-18
3126,Самара,2025-12-24
3127,Новосибирск,2026-03-17
3128,Москва,2026-01-18
3129,Екатеринбург,2025-12-12
3130,Казань,2026-04-30
3131,Санкт-Петербург,2025-06-26
3132,Москва,2025-09-06
3133,Казань,2025-11-03
3134,Москва,2025-12-31
3135,Москва,2025-09-17
3136,Москва,2025-08-29
3137,Уфа,2025-04-01
3138,Санкт-Петербург,2025-12-14
3139,Санкт-Петербург,2025-03-09
3140,Санкт-Петербург,2025-09-16
3141,Ростов-на-Дону,2025-08-11
3142,Екатеринбург,2026-02-28
3143,Уфа,2025-09-17
3144,Санкт-Петербург,2025-01-03
3145,Москва,2025-10-03
3146,Казань,2025-04-28
3147,Санкт-Петербург,2025-07-27
3148,Самара,2025-06-11
3149,Ростов-на-Дону,2025-04-01
3150,Казань,2026-05-31
3151,Воронеж,2025-05-19
3152,Казань,2025-10-04
3153,Москва,2026-03-28
3154,Казань,2025-07-18
3155,Москва,2026-05-26
3156,Самара,2025-08-09
3157,Москва,2026-05-31
3158,Санкт-Петербург,2025-09-04
3159,Екатеринбург,2025-01-08
3160,Москва,2026-04-18
3161,Москва,2026-04-16
3162,Новосибирск,2026-06-09
3163,Москва,2025-03-09
3164,Казань,2026-04-06
3165,Санкт-Петербург,2025-07-06
3166,Москва,2026-04-04
3167,Москва,2026-06-10
3168,Нижний Новгород,2025-04-19
3169,Уфа,2025-07-22
3170,Москва,2025-05-27
3171,Уфа,2025-06-16
3172,Екатеринбург,2025-11-21
3173,Екатеринбург,2025-08-13
3174,Новосибирск,2025-12-24
3175,Новосибирск,2026-01-03
3176,Самара,2025-04-21
3177,Казань,2025-01-24
3178,Казань,2026-02-11
3179,Санкт-Петербург,2025-04-09
3180,Москва,2025-04-19
3181,Новосибирск,2025-11-24
3182,Москва,2025-05-24
3183,Москва,2025-04-14
3184,Москва,2025-06-17
3185,Москва,2025-10-12
3186,Екатеринбург,2026-04-07
3187,Екатеринбург,2026-06-23
3188,Санкт-Петербург,2026-02-03
3189,Москва,2026-05-05
3190,Санкт-Петербург,2025-10-17
3191,Санкт-Петербург,2025-08-11
3192,Новосибирск,2026-03-23
3193,Екатеринбург,2025-06-14
3194,Казань,2026-03-20
3195,Казань,2026-06-29
3196,Воронеж,2025-08-01
3197,Нижний Новгород,2025-12-12
3198,Казань,2026-03-02
3199,Казань,2026-03-04
3200,Москва,2025-04-23
3201,Уфа,2026-06-09
3202,Санкт-Петербург,2025-10-02
3203,Москва,2025-01-23
3204,Воронеж,2025-03-06
3205,Новосибирск,2026-02-01
3206,Москва,2025-08-21
3207,Москва,2025-02-28
3208,Москва,2025-10-11
3209,Екатеринбург,2025-11-23
3210,Москва,2025-02-13
3211,Уфа,2025-07-10
3212,Уфа,2025-09-10
3213,Казань,2026-03-02
3214,Екатеринбург,2025-12-22
3215,Санкт-Петербург,2025-02-17
3216,Москва,2025-12-01
3217,Нижний Новгород,2026-05-07
3218,Москва,2025-01-30
3219,Москва,2026-06-22
3220,Санкт-Петербург,2025-02-21
3221,Москва,2025-12-06
3222,Санкт-Петербург,2025-07-11
3223,Новосибирск,2026-02-03
3224,Самара,2026-04-05
3225,Екатеринбург,2026-04-10
3226,Самара,2026-04-20
3227,Санкт-Петербург,2026-03-21
3228,Самара,2025-06-18
3229,Казань,2025-09-11
3230,Москва,2026-01-27
3231,Уфа,2025-04-02
3232,Москва,2025-11-11
3233,Москва,2025-10-16
3234,Москва,2026-06-20
3235,Санкт-Петербург,2025-01-28
3236,Санкт-Петербург,2025-02-21
3237,Казань,2025-01-17
3238,Ростов-на-Дону,2025-10-26
3239,Санкт-Петербург,2025-10-28
3240,Казань,2025-11-19
3241,Санкт-Петербург,2025-05-12
3242,Самара,2025-06-17
3243,Москва,2025-08-16
3244,Москва,2025-01-26
3245,Казань,2026-02-15
3246,Новосибирск,2025-01-29
3247,Нижний Новгород,2025-12-30
3248,Екатеринбург,2025-09-05
3249,Нижний Новгород,2026-06-29
3250,Санкт-Петербург,2026-01-13
3251,Москва,2025-09-17
3252,Москва,2026-01-17
3253,Москва,2025-03-05
3254,Санкт-Петербург,2025-04-09
3255,Казань,2025-09-29
3256,Санкт-Петербург,2026-04-13
3257,Екатеринбург,2026-03-23
3258,Казань,2025-07-25
3259,Новосибирск,2025-06-04
3260,Новосибирск,2026-06-10
3261,Санкт-Петербург,2025-11-05
3262,Санкт-Петербург,2025-03-06
3263,Екатеринбург,2025-05-03
3264,Екатеринбург,2026-04-01
3265,Санкт-Петербург,2026-05-05
3266,Санкт-Петербург,2026-05-11
3267,Новосибирск,2025-01-04
3268,Екатеринбург,2026-03-25
3269,Москва,2025-03-03
3270,Санкт-Петербург,2026-03-17
3271,Ростов-на-Дону,2026-04-26
3272,Москва,2025-07-16
3273,Самара,2025-04-16
3274,Москва,2026-01-24
3275,Казань,2025-02-07
3276,Санкт-Петербург,2025-11-12
3277,Москва,2025-06-30
3278,Уфа,2025-08-20
3279,Санкт-Петербург,2026-03-26
3280,Уфа,2026-06-26
3281,Санкт-Петербург,2025-08-08
3282,Ростов-на-Дону,2025-06-08
3283,Уфа,2026-03-31
3284,Казань,2025-08-14
3285,Москва,2025-04-19
3286,Новосибирск,2026-05-08
3287,Казань,2026-06-25
3288,Уфа,2025-06-07
3289,Санкт-Петербург,2025-03-28
3290,Москва,2025-03-25
3291,Москва,2025-11-23
3292,Новосибирск,2025-06-18
3293,Воронеж,2025-12-06
3294,Москва,2026-02-18
3295,Нижний Новгород,2025-01-04
3296,Уфа,2026-04-14
3297,Москва,2025-01-16
3298,Москва,2025-03-04
3299,Новосибирск,2026-01-31
3300,Екатеринбург,2025-12-05
3301,Москва,2026-06-18
3302,Самара,2025-11-06
3303,Казань,2025-08-16
3304,Ростов-на-Дону,2025-12-31
3305,Ростов-на-Дону,2026-02-20
3306,Самара,2026-01-01
3307,Казань,2025-07-21
3308,Москва,2026-06-07
3309,Казань,2025-06-14
3310,Москва,2025-07-08
3311,Новосибирск,2025-06-01
3312,Москва,2025-06-13
3313,Казань,2025-04-27
3314,Москва,2025-11-13
3315,Санкт-Петербург,2026-02-02
3316,Москва,2025-08-23
3317,Екатеринбург,2026-05-18
3318,Нижний Новгород,2025-09-16
3319,Москва,2025-09-12
3320,Самара,2025-02-07
3321,Ростов-на-Дону,2026-05-08
3322,Санкт-Петербург,2025-03-22
3323,Новосибирск,2025-03-31
3324,Санкт-Петербург,2026-05-25
3325,Москва,2025-10-11
3326,Казань,2025-02-07
3327,Москва,2025-08-29
3328,Ростов-на-Дону,2025-11-18
3329,Уфа,2025-01-06
3330,Самара,2026-02-16
3331,Екатеринбург,2025-12-31
3332,Казань,2025-01-07
3333,Воронеж,2025-12-04
3334,Москва,2025-05-02
3335,Москва,2026-02-05
3336,Екатеринбург,2025-07-25
3337,Санкт-Петербург,2025-04-21
3338,Санкт-Петербург,2025-10-04
3339,Москва,2025-08-30
3340,Екатеринбург,2025-07-06
3341,Москва,2026-04-24
3342,Москва,2025-12-20
3343,Москва,2025-09-23
3344,Санкт-Петербург,2025-05-04
3345,Ростов-на-Дону,2025-11-06
3346,Санкт-Петербург,2025-01-14
3347,Новосибирск,2026-04-28
3348,Нижний Новгород,2025-01-01
3349,Санкт-Петербург,2026-01-16
3350,Самара,2025-07-08
3351,Новосибирск,2026-01-27
3352,Казань,2025-07-17
3353,Москва,2025-01-15
3354,Москва,2026-06-01
3355,Воронеж,2026-02-22
3356,Нижний Новгород,2025-01-25
3357,Уфа,2025-01-18
3358,Ростов-на-Дону,2025-10-16
3359,Москва,2026-06-06
3360,Нижний Новгород,2025-11-11
3361,Санкт-Петербург,2025-01-06
3362,Нижний Новгород,2026-01-17
3363,Москва,2025-08-22
3364,Санкт-Петербург,2025-12-15
3365,Нижний Новгород,2025-07-10
3366,Нижний Новгород,2025-01-05
3367,Екатеринбург,2025-01-11
3368,Санкт-Петербург,2025-12-11
3369,Санкт-Петербург,2025-12-13
3370,Воронеж,2025-06-25
3371,Санкт-Петербург,2025-02-14
3372,Санкт-Петербург,2026-02-26
3373,Казань,2025-03-24
3374,Санкт-Петербург,2025-04-13
3375,Казань,2025-09-04
3376,Санкт-Петербург,2026-01-26
3377,Самара,2026-06-27
3378,Ростов-на-Дону,2025-12-07
3379,Уфа,2026-06-08
3380,Екатеринбург,2025-12-22
3381,Санкт-Петербург,2026-04-08
3382,Новосибирск,2025-04-06
3383,Самара,2025-01-31
3384,Екатеринбург,2025-12-31
3385,Новосибирск,2026-06-16
3386,Нижний Новгород,2026-02-06
3387,Новосибирск,2025-07-07
3388,Нижний Новгород,2025-09-24
3389,Москва,2025-03-03
3390,Казань,2025-07-05
3391,Екатеринбург,2026-01-08
3392,Москва,2025-04-01
3393,Самара,2025-09-20
3394,Екатеринбург,2025-06-08
3395,Москва,2025-09-25
3396,Самара,2026-02-21
3397,Новосибирск,2026-04-28
3398,Нижний Новгород,2025-08-12
3399,Санкт-Петербург,2026-03-27
3400,Самара,2026-01-18
3401,Санкт-Петербург,2026-05-18
3402,Екатеринбург,2026-02-08
3403,Москва,2025-10-28
3404,Екатеринбург,2026-01-03
3405,Новосибирск,2025-06-23
3406,Екатеринбург,2026-01-03
3407,Казань,2026-01-22
3408,Самара,2025-11-29
3409,Новосибирск,2025-02-26
3410,Москва,2025-10-10
3411,Уфа,2026-01-23
3412,Новосибирск,2025-04-18
3413,Воронеж,2026-03-06
3414,Воронеж,2026-04-05
3415,Уфа,2025-10-21
3416,Нижний Новгород,2026-06-10
3417,Екатеринбург,2026-04-13
3418,Москва,2025-09-12
3419,Казань,2026-04-27
3420,Нижний Новгород,2026-05-24
3421,Казань,2025-02-28
3422,Ростов-на-Дону,2026-06-28
3423,Москва,2025-01-03
3424,Санкт-Петербург,2025-09-22
3425,Казань,2026-05-27
3426,Санкт-Петербург,2026-01-30
3427,Москва,2025-05-26
3428,Москва,2025-12-17
3429,Самара,2025-04-27
3430,Казань,2025-05-10
3431,Москва,2026-05-12
3432,Москва,2025-01-26
3433,Казань,2026-06-09
3434,Москва,2025-09-05
3435,Новосибирск,2025-02-05
3436,Нижний Новгород,2026-03-06
3437,Москва,2025-01-27
3438,Екатеринбург,2025-06-27
3439,Москва,2025-05-12
3440,Санкт-Петербург,2026-03-04
3441,Ростов-на-Дону,2025-08-05
3442,Казань,2025-12-23
3443,Ростов-на-Дону,2025-02-09
3444,Москва,2026-01-15
3445,Санкт-Петербург,2026-01-23
3446,Казань,2025-06-05
3447,Казань,2026-04-26
3448,Воронеж,2025-09-14
3449,Москва,2025-12-30
3450,Самара,2025-04-10
3451,Ростов-на-Дону,2026-05-24
3452,Казань,2025-05-15
3453,Санкт-Петербург,2025-12-08
3454,Казань,2025-02-18
3455,Санкт-Петербург,2025-01-25
3456,Нижний Новгород,2025-03-11
3457,Казань,2026-05-29
3458,Уфа,2025-04-25
3459,Екатеринбург,2026-04-25
3460,Казань,2025-11-13
3461,Новосибирск,2025-02-18
3462,Казань,2025-08-29
3463,Ростов-на-Дону,2025-09-19
3464,Москва,2025-05-26
3465,Воронеж,2025-11-26
3466,Самара,2026-04-15
3467,Ростов-на-Дону,2026-04-27
3468,Казань,2025-10-14
3469,Самара,2026-05-02
3470,Санкт-Петербург,2026-05-19
3471,Нижний Новгород,2025-02-17
3472,Москва,2025-12-13
3473,Санкт-Петербург,2026-02-26
3474,Санкт-Петербург,2025-01-09
3475,Санкт-Петербург,2025-11-25
3476,Санкт-Петербург,2026-05-13
3477,Самара,2025-05-27
3478,Москва,2026-04-13
3479,Нижний Новгород,2026-05-24
3480,Москва,2025-12-13
3481,Нижний Новгород,2025-12-10
3482,Нижний Новгород,2025-10-19
3483,Санкт-Петербург,2025-08-11
3484,Новосибирск,2025-09-04
3485,Уфа,2025-10-12
3486,Самара,2025-09-20
3487,Санкт-Петербург,2026-03-27
3488,Казань,2026-02-24
3489,Нижний Новгород,2025-07-09
3490,Санкт-Петербург,2025-10-07
3491,Самара,2025-04-28
3492,Санкт-Петербург,2025-04-06
3493,Самара,2025-07-21
3494,Москва,2025-02-01
3495,Москва,2026-04-11
3496,Воронеж,2025-03-10
3497,Ростов-на-Дону,2025-06-27
3498,Ростов-на-Дону,2025-05-18
3499,Уфа,2025-04-23
3500,Санкт-Петербург,2025-07-20
3501,Санкт-Петербург,2026-01-27
3502,Москва,2026-05-02
3503,Казань,2025-04-13
3504,Москва,2025-05-11
3505,Уфа,2025-09-13
3506,Москва,2025-06-24
3507,Москва,2026-03-12
3508,Москва,2025-05-02
3509,Москва,2025-08-08
3510,Москва,2025-10-25
3511,Новосибирск,2025-07-27
3512,Санкт-Петербург,2025-12-03
3513,Екатеринбург,2026-03-12
3514,Ростов-на-Дону,2025-10-18
3515,Екатеринбург,2025-09-06
3516,Новосибирск,2026-06-03
3517,Санкт-Петербург,2026-06-20
3518,Москва,2026-06-27
3519,Санкт-Петербург,2025-01-09
3520,Воронеж,2026-04-02
3521,Екатеринбург,2026-05-05
3522,Москва,2026-03-15
3523,Санкт-Петербург,2026-02-13
3524,Самара,2025-07-19
3525,Новосибирск,2026-01-31
3526,Екатеринбург,2025-11-12
3527,Ростов-на-Дону,2026-03-30
3528,Новосибирск,2025-07-11
3529,Екатеринбург,2026-02-09
3530,Москва,2026-03-04
3531,Москва,2026-03-31
3532,Воронеж,2025-04-04
3533,Екатеринбург,2026-04-16
3534,Санкт-Петербург,2025-04-29
3535,Екатеринбург,2025-01-22
3536,Москва,2025-05-02
3537,Самара,2025-11-28
3538,Москва,2025-10-24
3539,Самара,2026-01-11
3540,Казань,2025-08-08
3541,Москва,2025-01-02
3542,Москва,2025-12-03
3543,Самара,2025-10-06
3544,Москва,2025-10-05
3545,Москва,2025-07-25
3546,Нижний Новгород,2026-05-01
3547,Санкт-Петербург,2026-03-08
3548,Санкт-Петербург,2025-04-09
3549,Москва,2025-01-22
3550,Самара,2025-04-09
3551,Санкт-Петербург,2025-01-27
3552,Москва,2026-01-22
3553,Санкт-Петербург,2025-12-05
3554,Москва,2025-09-10
3555,Санкт-Петербург,2025-11-19
3556,Москва,2026-03-17
3557,Москва,2026-03-29
3558,Санкт-Петербург,2025-08-25
3559,Ростов-на-Дону,2025-11-19
3560,Москва,2025-11-11
3561,Москва,2026-06-02
3562,Ростов-на-Дону,2026-02-20
3563,Ростов-на-Дону,2025-06-21
3564,Новосибирск,2026-04-29
3565,Москва,2025-08-05
3566,Санкт-Петербург,2026-02-17
3567,Москва,2026-06-17
3568,Москва,2026-03-17
3569,Санкт-Петербург,2025-02-28
3570,Екатеринбург,2025-04-23
3571,Санкт-Петербург,2026-03-10
3572,Екатеринбург,2025-03-09
3573,Санкт-Петербург,2025-01-07
3574,Санкт-Петербург,2025-05-21
3575,Нижний Новгород,2025-09-23
3576,Ростов-на-Дону,2025-03-11
3577,Санкт-Петербург,2025-03-25
3578,Екатеринбург,2025-07-04
3579,Москва,2025-11-23
3580,Москва,2025-10-24
3581,Нижний Новгород,2026-03-12
3582,Москва,2026-06-19
3583,Санкт-Петербург,2025-01-19
3584,Казань,2026-01-11
3585,Москва,2025-03-31
3586,Москва,2025-07-16
3587,Санкт-Петербург,2025-07-06
3588,Уфа,2026-01-17
3589,Екатеринбург,2025-05-20
3590,Санкт-Петербург,2026-05-03
3591,Москва,2025-07-28
3592,Екатеринбург,2026-03-21
3593,Москва,2026-06-03
3594,Казань,2025-10-06
3595,Нижний Новгород,2025-02-25
3596,Санкт-Петербург,2026-01-18
3597,Санкт-Петербург,2025-08-19
3598,Москва,2025-07-04
3599,Москва,2025-09-07
3600,Санкт-Петербург,2025-06-13
3601,Ростов-на-Дону,2025-06-02
3602,Москва,2026-06-24
3603,Екатеринбург,2025-06-01
3604,Новосибирск,2025-09-07
3605,Москва,2026-01-25
3606,Москва,2025-05-01
3607,Санкт-Петербург,2025-12-03
3608,Новосибирск,2026-05-04
3609,Санкт-Петербург,2026-03-19
3610,Нижний Новгород,2025-01-16
3611,Ростов-на-Дону,2025-08-09
3612,Нижний Новгород,2025-01-01
3613,Воронеж,2025-11-27
3614,Нижний Новгород,2025-06-27
3615,Самара,2026-05-03
3616,Самара,2025-04-06
3617,Нижний Новгород,2026-04-09
3618,Самара,2025-07-06
3619,Уфа,2026-05-17
3620,Казань,2025-04-19
3621,Екатеринбург,2025-05-27
3622,Казань,2025-07-11
3623,Самара,2026-06-22
3624,Санкт-Петербург,2026-02-04
3625,Самара,2026-03-21
3626,Нижний Новгород,2025-10-29
3627,Воронеж,2026-03-10
3628,Москва,2025-12-08
3629,Новосибирск,2025-12-30
3630,Нижний Новгород,2026-04-02
3631,Уфа,2026-06-20
3632,Ростов-на-Дону,2025-11-10
3633,Екатеринбург,2025-08-29
3634,Екатеринбург,2025-12-22
3635,Москва,2026-02-09
3636,Воронеж,2026-06-22
3637,Москва,2026-01-16
3638,Новосибирск,2026-06-05
3639,Нижний Новгород,2026-02-03
3640,Санкт-Петербург,2026-06-03
3641,Москва,2026-02-14
3642,Москва,2026-04-28
3643,Самара,2025-04-14
3644,Казань,2026-06-25
3645,Москва,2025-07-10
3646,Новосибирск,2026-03-11
3647,Москва,2025-08-02
3648,Ростов-на-Дону,2025-09-07
3649,Санкт-Петербург,2026-02-12
3650,Москва,2025-10-22
3651,Москва,2026-01-26
3652,Казань,2025-02-13
3653,Санкт-Петербург,2026-03-31
3654,Нижний Новгород,2025-08-11
3655,Казань,2026-03-06
3656,Санкт-Петербург,2025-06-05
3657,Москва,2025-11-21
3658,Москва,2025-11-17
3659,Уфа,2025-03-18
3660,Москва,2025-09-16
3661,Воронеж,2025-12-13
3662,Санкт-Петербург,2026-04-01
3663,Москва,2026-04-29
3664,Москва,2025-07-29
3665,Москва,2025-12-17
3666,Нижний Новгород,2025-04-06
3667,Казань,2026-05-04
3668,Санкт-Петербург,2026-04-19
3669,Новосибирск,2026-06-29
3670,Екатеринбург,2025-09-23
3671,Уфа,2025-07-15
3672,Воронеж,2026-02-18
3673,Новосибирск,2026-01-30
3674,Самара,2025-04-26
3675,Нижний Новгород,2025-10-22
3676,Казань,2025-12-17
3677,Новосибирск,2025-09-05
3678,Москва,2025-07-22
3679,Нижний Новгород,2025-05-11
3680,Воронеж,2025-08-13
3681,Москва,2025-05-15
3682,Самара,2025-06-13
3683,Уфа,2025-04-11
3684,Москва,2025-07-25
3685,Казань,2025-12-11
3686,Уфа,2025-07-25
3687,Воронеж,2025-03-19
3688,Москва,2026-03-13
3689,Санкт-Петербург,2025-08-24
3690,Новосибирск,2025-11-15
3691,Москва,2025-10-13
3692,Санкт-Петербург,2025-10-03
3693,Москва,2025-08-27
3694,Москва,2026-02-16
3695,Екатеринбург,2026-04-11
3696,Новосибирск,2026-05-08
3697,Екатеринбург,2025-08-30
3698,Нижний Новгород,2025-07-05
3699,Санкт-Петербург,2025-02-15
3700,Москва,2025-08-30
3701,Москва,2026-06-25
3702,Москва,2025-05-22
3703,Санкт-Петербург,2026-04-06
3704,Москва,2026-02-17
3705,Москва,2025-12-26
3706,Москва,2025-11-05
3707,Новосибирск,2026-02-17
3708,Екатеринбург,2025-02-23
3709,Уфа,2025-03-11
3710,Нижний Новгород,2025-04-17
3711,Екатеринбург,2026-02-22
3712,Москва,2025-08-24
3713,Екатеринбург,2025-04-24
3714,Москва,2025-01-25
3715,Санкт-Петербург,2025-09-24
3716,Санкт-Петербург,2025-08-06
3717,Санкт-Петербург,2025-04-08
3718,Москва,2025-01-13
3719,Новосибирск,2026-02-15
3720,Самара,2026-03-01
3721,Нижний Новгород,2025-05-15
3722,Екатеринбург,2025-09-27
3723,Казань,2025-05-18
3724,Москва,2025-08-11
3725,Новосибирск,2025-03-01
3726,Казань,2026-05-31
3727,Москва,2026-01-28
3728,Санкт-Петербург,2026-05-07
3729,Уфа,2025-06-11
3730,Екатеринбург,2026-04-21
3731,Казань,2025-10-10
3732,Екатеринбург,2025-04-18
3733,Санкт-Петербург,2025-07-01
3734,Казань,2026-03-19
3735,Санкт-Петербург,2026-02-27
3736,Санкт-Петербург,2026-01-28
3737,Новосибирск,2025-05-04
3738,Москва,2025-12-20
3739,Нижний Новгород,2026-05-28
3740,Санкт-Петербург,2025-01-27
3741,Новосибирск,2025-06-25
3742,Екатеринбург,2025-02-13
3743,Новосибирск,2025-02-26
3744,Екатеринбург,2026-06-28
3745,Уфа,2025-05-11
3746,Казань,2025-04-08
3747,Нижний Новгород,2025-02-10
3748,Новосибирск,2026-06-19
3749,Москва,2025-09-13
3750,Санкт-Петербург,2026-03-08
3751,Санкт-Петербург,2025-05-17
3752,Москва,2025-12-16
3753,Санкт-Петербург,2026-04-28
3754,Санкт-Петербург,2026-01-01
3755,Екатеринбург,2025-10-09
3756,Москва,2025-04-25
3757,Самара,2025-05-08
3758,Санкт-Петербург,2025-11-22
3759,Новосибирск,2025-09-03
3760,Москва,2025-01-26
3761,Казань,2025-04-17
3762,Москва,2025-08-24
3763,Новосибирск,2025-04-08
3764,Санкт-Петербург,2025-10-29
3765,Уфа,2025-06-13
3766,Санкт-Петербург,2025-06-08
3767,Екатеринбург,2025-03-01
3768,Москва,2025-10-02
3769,Екатеринбург,2025-04-13
3770,Казань,2025-12-10
3771,Санкт-Петербург,2026-05-27
3772,Москва,2026-05-13
3773,Москва,2025-12-30
3774,Москва,2026-03-17
3775,Воронеж,2026-05-18
3776,Санкт-Петербург,2026-01-07
3777,Москва,2025-05-20
3778,Уфа,2025-09-30
3779,Москва,2026-04-13
3780,Санкт-Петербург,2025-12-31
3781,Новосибирск,2025-07-17
3782,Уфа,2025-04-02
3783,Новосибирск,2025-03-20
3784,Казань,2025-07-25
3785,Воронеж,2026-03-15
3786,Москва,2025-10-29
3787,Воронеж,2025-02-02
3788,Самара,2026-05-16
3789,Уфа,2025-08-09
3790,Москва,2025-08-01
3791,Москва,2026-03-23
3792,Новосибирск,2025-07-25
3793,Казань,2025-12-03
3794,Казань,2026-05-18
3795,Уфа,2025-10-10
3796,Екатеринбург,2025-12-01
3797,Санкт-Петербург,2025-07-12
3798,Санкт-Петербург,2026-05-01
3799,Москва,2025-02-10
3800,Москва,2025-05-31
3801,Москва,2026-06-25
3802,Самара,2025-09-21
3803,Новосибирск,2025-04-06
3804,Казань,2025-08-14
3805,Санкт-Петербург,2025-05-20
3806,Новосибирск,2025-10-14
3807,Самара,2025-05-09
3808,Ростов-на-Дону,2025-08-06
3809,Казань,2026-05-10
3810,Самара,2025-02-14
3811,Казань,2026-02-21
3812,Казань,2025-02-12
3813,Ростов-на-Дону,2025-09-07
3814,Санкт-Петербург,2025-12-31
3815,Санкт-Петербург,2026-06-05
3816,Санкт-Петербург,2025-05-17
3817,Казань,2025-01-29
3818,Казань,2026-02-14
3819,Новосибирск,2026-05-03
3820,Санкт-Петербург,2025-11-04
3821,Москва,2025-02-02
3822,Ростов-на-Дону,2025-09-30
3823,Санкт-Петербург,2025-08-02
3824,Уфа,2025-09-04
3825,Москва,2025-01-30
3826,Екатеринбург,2025-06-22
3827,Казань,2026-06-29
3828,Самара,2025-01-25
3829,Москва,2026-05-14
3830,Ростов-на-Дону,2025-10-10
3831,Казань,2025-11-15
3832,Екатеринбург,2026-05-24
3833,Казань,2025-04-29
3834,Москва,2026-06-21
3835,Казань,2025-05-31
3836,Москва,2025-07-10
3837,Санкт-Петербург,2025-09-03
3838,Екатеринбург,2025-11-24
3839,Казань,2025-06-25
3840,Москва,2026-03-09
3841,Москва,2025-01-12
3842,Москва,2025-12-30
3843,Москва,2025-12-24
3844,Екатеринбург,2025-10-19
3845,Москва,2025-12-01
3846,Ростов-на-Дону,2026-02-12
3847,Москва,2026-05-08
3848,Москва,2025-04-30
3849,Ростов-на-Дону,2025-09-17
3850,Санкт-Петербург,2025-11-03
3851,Санкт-Петербург,2025-07-07
3852,Уфа,2026-06-15
3853,Уфа,2025-10-06
3854,Новосибирск,2025-11-19
3855,Москва,2025-04-17
3856,Екатеринбург,2025-08-15
3857,Воронеж,2025-12-07
3858,Уфа,2025-08-22
3859,Москва,2026-02-24
3860,Санкт-Петербург,2025-03-16
3861,Санкт-Петербург,2025-03-25
3862,Москва,2025-07-04
3863,Новосибирск,2025-06-23
3864,Москва,2026-03-21
3865,Санкт-Петербург,2026-04-18
3866,Москва,2025-09-15
3867,Казань,2025-10-03
3868,Москва,2025-06-10
3869,Санкт-Петербург,2025-10-17
3870,Москва,2026-01-21
3871,Уфа,2026-01-29
3872,Москва,2026-06-13
3873,Казань,2025-11-11
3874,Москва,2025-07-05
3875,Москва,2025-02-07
3876,Москва,2026-01-10
3877,Москва,2026-03-15
3878,Москва,2025-10-29
3879,Казань,2026-05-18
3880,Новосибирск,2025-06-22
3881,Москва,2025-01-30
3882,Санкт-Петербург,2025-12-12
3883,Екатеринбург,2025-03-08
3884,Москва,2025-02-15
3885,Санкт-Петербург,2026-01-18
3886,Москва,2025-08-25
3887,Москва,2025-11-26
3888,Казань,2026-02-12
3889,Воронеж,2025-07-28
3890,Воронеж,2025-11-30
3891,Воронеж,2025-10-21
3892,Санкт-Петербург,2025-11-13
3893,Москва,2026-01-19
3894,Санкт-Петербург,2025-07-27
3895,Москва,2025-10-02
3896,Москва,2025-11-19
3897,Москва,2025-03-18
3898,Санкт-Петербург,2025-04-26
3899,Санкт-Петербург,2025-02-18
3900,Москва,2025-04-18
3901,Новосибирск,2025-08-28
3902,Санкт-Петербург,2026-05-18
3903,Самара,2026-02-20
3904,Москва,2025-10-31
3905,Казань,2025-04-21
3906,Москва,2025-07-15
3907,Казань,2026-02-22
3908,Москва,2026-05-11
3909,Москва,2026-06-09
3910,Екатеринбург,2025-07-31
3911,Москва,2025-09-23
3912,Москва,2025-10-05
3913,Уфа,2025-01-31
3914,Москва,2025-03-05
3915,Екатеринбург,2025-01-25
3916,Казань,2026-02-06
3917,Москва,2025-05-03
3918,Санкт-Петербург,2026-01-17
3919,Москва,2025-07-24
3920,Новосибирск,2026-03-09
3921,Москва,2025-03-04
3922,Москва,2025-06-27
3923,Санкт-Петербург,2025-04-22
3924,Ростов-на-Дону,2025-08-26
3925,Нижний Новгород,2025-11-03
3926,Уфа,2025-04-02
3927,Новосибирск,2025-12-30
3928,Новосибирск,2026-06-10
3929,Казань,2025-01-24
3930,Ростов-на-Дону,2025-02-16
3931,Казань,2026-06-03
3932,Санкт-Петербург,2025-12-20
3933,Екатеринбург,2026-05-17
3934,Казань,2026-01-20
3935,Москва,2026-01-26
3936,Санкт-Петербург,2025-03-27
3937,Санкт-Петербург,2025-10-06
3938,Самара,2025-07-19
3939,Санкт-Петербург,2026-03-31
3940,Самара,2025-01-24
3941,Санкт-Петербург,2025-01-10
3942,Нижний Новгород,2025-10-31
3943,Москва,2026-06-13
3944,Уфа,2026-06-27
3945,Казань,2025-11-20
3946,Москва,2025-08-23
3947,Москва,2025-05-29
3948,Москва,2026-06-24
3949,Санкт-Петербург,2025-04-10
3950,Новосибирск,2025-03-10
3951,Уфа,2025-10-05
3952,Новосибирск,2025-08-02
3953,Казань,2025-09-28
3954,Санкт-Петербург,2026-05-07
3955,Самара,2025-05-28
3956,Самара,2026-04-23
3957,Санкт-Петербург,2025-04-26
3958,Уфа,2025-06-26
3959,Санкт-Петербург,2025-01-03
3960,Самара,2026-01-05
3961,Воронеж,2026-04-13
3962,Новосибирск,2026-04-28
3963,Москва,2025-04-02
3964,Екатеринбург,2026-02-22
3965,Москва,2025-03-19
3966,Нижний Новгород,2025-12-09
3967,Санкт-Петербург,2026-01-18
3968,Новосибирск,2025-03-25
3969,Уфа,2025-03-02
3970,Москва,2025-02-09
3971,Санкт-Петербург,2026-01-22
3972,Екатеринбург,2025-12-01
3973,Санкт-Петербург,2025-03-07
3974,Москва,2025-09-30
3975,Москва,2026-03-10
3976,Санкт-Петербург,2025-05-10
3977,Екатеринбург,2025-11-27
3978,Екатеринбург,2025-06-09
3979,Москва,2025-05-23
3980,Санкт-Петербург,2025-08-02
3981,Санкт-Петербург,2025-07-11
3982,Москва,2025-09-28
3983,Новосибирск,2025-04-22
3984,Санкт-Петербург,2025-08-01
3985,Казань,2025-12-06
3986,Уфа,2025-07-31
3987,Казань,2025-12-24
3988,Екатеринбург,2025-03-05
3989,Москва,2025-03-17
3990,Москва,2026-04-17
3991,Москва,2025-09-09
3992,Нижний Новгород,2025-11-28
3993,Самара,2026-02-08
3994,Москва,2025-03-21
3995,Москва,2026-06-14
3996,Санкт-Петербург,2025-08-20
3997,Екатеринбург,2026-04-30
3998,Екатеринбург,2025-08-16
3999,Новосибирск,2025-08-10
4000,Ростов-на-Дону,2025-11-24
4001,Санкт-Петербург,2025-04-15
4002,Новосибирск,2025-11-28
4003,Казань,2026-06-20
4004,Санкт-Петербург,2025-12-18
4005,Ростов-на-Дону,2025-02-08
4006,Москва,2026-01-16
4007,Новосибирск,2025-01-19
4008,Новосибирск,2025-02-26
4009,Уфа,2025-06-05
4010,Казань,2025-06-16
4011,Санкт-Петербург,2025-01-02
4012,Самара,2025-01-10
4013,Нижний Новгород,2026-03-07
4014,Казань,2025-09-05
4015,Нижний Новгород,2025-04-19
4016,Москва,2025-08-23
4017,Екатеринбург,2026-01-13
4018,Ростов-на-Дону,2026-02-05
4019,Санкт-Петербург,2025-06-07
4020,Казань,2025-04-02
4021,Уфа,2026-06-07
4022,Нижний Новгород,2025-12-11
4023,Ростов-на-Дону,2026-06-20
4024,Санкт-Петербург,2025-06-17
4025,Воронеж,2025-03-02
4026,Москва,2025-07-28
4027,Казань,2025-06-28
4028,Казань,2026-01-28
4029,Нижний Новгород,2026-01-26
4030,Ростов-на-Дону,2025-02-08
4031,Нижний Новгород,2025-11-17
4032,Екатеринбург,2025-07-06
4033,Санкт-Петербург,2025-12-02
4034,Казань,2025-08-02
4035,Казань,2025-10-20
4036,Москва,2026-01-26
4037,Казань,2025-06-09
4038,Самара,2025-04-19
4039,Новосибирск,2026-01-20
4040,Нижний Новгород,2026-06-01
4041,Санкт-Петербург,2025-08-30
4042,Казань,2026-06-28
4043,Москва,2025-04-11
4044,Санкт-Петербург,2026-03-23
4045,Казань,2026-06-23
4046,Москва,2025-06-13
4047,Москва,2025-03-22
4048,Новосибирск,2025-12-28
4049,Санкт-Петербург,2026-04-19
4050,Санкт-Петербург,2025-02-15
4051,Москва,2025-12-16
4052,Казань,2026-04-20
4053,Санкт-Петербург,2025-01-18
4054,Казань,2025-10-09
4055,Екатеринбург,2025-02-11
4056,Москва,2025-04-07
4057,Ростов-на-Дону,2025-09-23
4058,Москва,2025-06-28
4059,Санкт-Петербург,2025-02-16
4060,Москва,2026-03-13
4061,Казань,2025-04-21
4062,Санкт-Петербург,2026-04-20
4063,Ростов-на-Дону,2025-04-07
4064,Санкт-Петербург,2025-10-11
4065,Екатеринбург,2026-02-01
4066,Москва,2025-09-19
4067,Москва,2025-08-16
4068,Санкт-Петербург,2026-02-14
4069,Казань,2025-01-07
4070,Санкт-Петербург,2026-03-27
4071,Воронеж,2026-01-11
4072,Новосибирск,2026-02-21
4073,Воронеж,2025-08-18
4074,Санкт-Петербург,2025-07-29
4075,Нижний Новгород,2025-11-08
4076,Казань,2025-12-16
4077,Екатеринбург,2026-05-20
4078,Воронеж,2026-04-13
4079,Новосибирск,2025-01-30
4080,Ростов-на-Дону,2025-03-24
4081,Новосибирск,2026-05-31
4082,Москва,2025-07-31
4083,Новосибирск,2025-11-13
4084,Казань,2025-01-31
4085,Уфа,2025-02-27
4086,Самара,2025-08-11
4087,Москва,2026-01-26
4088,Москва,2026-02-25
4089,Москва,2026-05-03
4090,Казань,2025-04-18
4091,Москва,2025-04-21
4092,Новосибирск,2025-10-23
4093,Казань,2025-10-26
4094,Самара,2025-01-20
4095,Москва,2025-09-01
4096,Казань,2026-05-05
4097,Москва,2025-03-31
4098,Ростов-на-Дону,2026-03-23
4099,Москва,2025-09-01
4100,Москва,2025-10-13
4101,Москва,2025-12-16
4102,Самара,2026-01-20
4103,Москва,2025-12-14
4104,Екатеринбург,2025-02-26
4105,Нижний Новгород,2025-06-10
4106,Нижний Новгород,2026-04-06
4107,Москва,2025-01-22
4108,Москва,2026-01-25
4109,Санкт-Петербург,2025-10-11
4110,Москва,2025-03-07
4111,Новосибирск,2025-03-08
4112,Санкт-Петербург,2026-06-19
4113,Санкт-Петербург,2025-01-17
4114,Москва,2025-01-13
4115,Екатеринбург,2025-01-10
4116,Москва,2025-12-09
4117,Новосибирск,2026-05-20
4118,Москва,2025-04-04
4119,Воронеж,2026-03-10
4120,Новосибирск,2026-01-27
4121,Москва,2025-05-06
4122,Москва,2025-02-08
4123,Санкт-Петербург,2025-09-23
4124,Москва,2025-02-14
4125,Москва,2025-03-03
4126,Ростов-на-Дону,2025-09-12
4127,Екатеринбург,2026-03-21
4128,Москва,2026-06-26
4129,Казань,2025-12-09
4130,Москва,2025-05-31
4131,Воронеж,2025-06-28
4132,Москва,2025-11-30
4133,Нижний Новгород,2025-04-05
4134,Нижний Новгород,2025-10-10
4135,Москва,2026-02-24
4136,Москва,2026-04-04
4137,Санкт-Петербург,2025-02-02
4138,Ростов-на-Дону,2025-06-07
4139,Казань,2025-05-19
4140,Новосибирск,2025-10-30
4141,Нижний Новгород,2025-04-11
4142,Самара,2026-06-03
4143,Казань,2026-05-15
4144,Казань,2025-07-01
4145,Новосибирск,2025-08-10
4146,Москва,2025-08-28
4147,Самара,2025-01-24
4148,Москва,2026-04-30
4149,Москва,2026-03-01
4150,Самара,2025-07-01
4151,Санкт-Петербург,2025-10-26
4152,Москва,2025-07-27
4153,Москва,2025-05-05
4154,Казань,2025-06-15
4155,Самара,2025-02-28
4156,Москва,2026-03-18
4157,Москва,2025-12-23
4158,Казань,2026-05-23
4159,Уфа,2025-01-04
4160,Москва,2025-12-10
4161,Уфа,2025-11-02
4162,Ростов-на-Дону,2025-12-06
4163,Санкт-Петербург,2026-06-24
4164,Самара,2025-08-01
4165,Новосибирск,2025-03-18
4166,Казань,2025-01-07
4167,Санкт-Петербург,2025-09-26
4168,Самара,2025-04-05
4169,Нижний Новгород,2025-03-18
4170,Нижний Новгород,2025-03-22
4171,Воронеж,2025-05-31
4172,Казань,2025-03-05
4173,Самара,2025-09-22
4174,Ростов-на-Дону,2025-12-23
4175,Москва,2025-06-07
4176,Москва,2025-03-16
4177,Санкт-Петербург,2025-11-08
4178,Самара,2025-02-16
4179,Санкт-Петербург,2026-02-06
4180,Новосибирск,2025-07-28
4181,Москва,2025-08-12
4182,Санкт-Петербург,2025-05-16
4183,Екатеринбург,2025-06-04
4184,Москва,2025-03-21
4185,Ростов-на-Дону,2025-11-01
4186,Москва,2025-03-21
4187,Ростов-на-Дону,2026-01-06
4188,Москва,2025-05-20
4189,Воронеж,2025-11-05
4190,Екатеринбург,2025-10-20
4191,Москва,2025-12-12
4192,Москва,2026-02-18
4193,Москва,2025-11-02
4194,Екатеринбург,2026-04-10
4195,Самара,2025-05-22
4196,Санкт-Петербург,2026-02-14
4197,Санкт-Петербург,2025-07-06
4198,Екатеринбург,2025-12-09
4199,Казань,2025-09-26
4200,Новосибирск,2026-05-10
4201,Казань,2025-05-28
4202,Новосибирск,2025-10-11
4203,Воронеж,2025-03-31
4204,Санкт-Петербург,2025-12-12
4205,Москва,2025-01-21
4206,Москва,2025-08-13
4207,Казань,2025-01-06
4208,Санкт-Петербург,2025-06-28
4209,Уфа,2025-09-21
4210,Екатеринбург,2025-06-30
4211,Казань,2025-07-30
4212,Нижний Новгород,2025-03-22
4213,Москва,2026-01-25
4214,Самара,2026-03-11
4215,Москва,2025-09-05
4216,Екатеринбург,2025-01-31
4217,Уфа,2025-02-04
4218,Нижний Новгород,2026-01-03
4219,Самара,2026-05-22
4220,Санкт-Петербург,2026-04-17
4221,Самара,2025-08-09
4222,Казань,2025-09-29
4223,Екатеринбург,2025-03-30
4224,Москва,2025-02-08
4225,Москва,2026-02-22
4226,Казань,2025-08-22
4227,Москва,2025-09-28
4228,Нижний Новгород,2025-07-07
4229,Самара,2025-06-20
4230,Уфа,2026-06-22
4231,Москва,2026-03-21
4232,Уфа,2026-01-12
4233,Москва,2025-08-01
4234,Казань,2026-01-29
4235,Самара,2025-07-04
4236,Москва,2025-10-09
4237,Москва,2025-03-21
4238,Москва,2026-01-22
4239,Казань,2025-02-02
4240,Самара,2026-01-29
4241,Москва,2025-11-26
4242,Москва,2025-02-06
4243,Екатеринбург,2025-10-03
4244,Москва,2025-05-02
4245,Нижний Новгород,2025-09-17
4246,Уфа,2025-01-08
4247,Нижний Новгород,2026-01-29
4248,Ростов-на-Дону,2025-10-05
4249,Казань,2025-07-17
4250,Самара,2026-04-23
4251,Москва,2025-12-18
4252,Москва,2025-11-29
4253,Новосибирск,2025-03-22
4254,Москва,2025-09-30
4255,Ростов-на-Дону,2026-01-17
4256,Новосибирск,2026-05-20
4257,Уфа,2025-11-26
4258,Санкт-Петербург,2025-04-04
4259,Казань,2026-01-05
4260,Нижний Новгород,2025-02-10
4261,Москва,2025-06-20
4262,Казань,2026-05-15
4263,Новосибирск,2026-03-13
4264,Воронеж,2026-05-08
4265,Нижний Новгород,2025-07-12
4266,Москва,2026-01-08
4267,Казань,2026-01-17
4268,Екатеринбург,2025-05-15
4269,Москва,2026-05-29
4270,Санкт-Петербург,2026-06-13
4271,Санкт-Петербург,2025-03-02
4272,Москва,2026-02-22
4273,Казань,2025-09-01
4274,Москва,2026-01-03
4275,Екатеринбург,2025-10-30
4276,Москва,2025-05-02
4277,Новосибирск,2025-02-22
4278,Москва,2025-10-07
4279,Ростов-на-Дону,2026-04-02
4280,Москва,2026-03-25
4281,Казань,2025-05-30
4282,Санкт-Петербург,2026-04-14
4283,Москва,2025-07-13
4284,Казань,2025-11-02
4285,Самара,2025-06-26
4286,Уфа,2025-10-12
4287,Санкт-Петербург,2025-10-16
4288,Москва,2026-01-16
4289,Новосибирск,2025-09-15
4290,Екатеринбург,2025-10-15
4291,Москва,2025-12-21
4292,Нижний Новгород,2025-08-16
4293,Казань,2025-10-13
4294,Новосибирск,2025-02-16
4295,Санкт-Петербург,2026-04-20
4296,Санкт-Петербург,2025-03-10
4297,Москва,2026-04-21
4298,Нижний Новгород,2026-02-19
4299,Москва,2026-06-01
4300,Нижний Новгород,2025-01-14
4301,Нижний Новгород,2025-04-29
4302,Нижний Новгород,2025-01-29
4303,Москва,2025-08-16
4304,Москва,2026-05-09
4305,Казань,2026-02-22
4306,Екатеринбург,2026-01-19
4307,Уфа,2026-04-08
4308,Санкт-Петербург,2025-01-03
4309,Ростов-на-Дону,2026-03-06
4310,Москва,2025-06-20
4311,Санкт-Петербург,2026-01-12
4312,Москва,2026-02-21
4313,Нижний Новгород,2026-01-09
4314,Москва,2025-08-16
4315,Москва,2025-09-13
4316,Нижний Новгород,2025-12-09
4317,Казань,2025-09-08
4318,Москва,2025-08-03
4319,Москва,2025-04-21
4320,Казань,2025-07-31
4321,Санкт-Петербург,2026-01-29
4322,Москва,2026-04-20
4323,Екатеринбург,2025-02-26
4324,Москва,2025-04-10
4325,Екатеринбург,2025-10-04
4326,Санкт-Петербург,2026-01-18
4327,Москва,2025-04-03
4328,Москва,2025-06-27
4329,Москва,2025-01-26
4330,Москва,2025-01-29
4331,Санкт-Петербург,2025-03-20
4332,Ростов-на-Дону,2026-02-02
4333,Самара,2026-04-19
4334,Санкт-Петербург,2025-09-29
4335,Екатеринбург,2025-04-07
4336,Екатеринбург,2026-05-18
4337,Самара,2025-06-01
4338,Москва,2025-03-26
4339,Санкт-Петербург,2025-03-17
4340,Санкт-Петербург,2025-07-12
4341,Москва,2026-02-05
4342,Санкт-Петербург,2025-08-05
4343,Ростов-на-Дону,2025-08-31
4344,Уфа,2025-07-05
4345,Москва,2026-05-30
4346,Санкт-Петербург,2026-01-08
4347,Санкт-Петербург,2025-12-29
4348,Казань,2025-08-27
4349,Казань,2025-10-17
4350,Москва,2026-04-28
4351,Самара,2025-12-24
4352,Воронеж,2026-03-20
4353,Новосибирск,2025-01-23
4354,Новосибирск,2026-04-14
4355,Казань,2026-06-03
4356,Санкт-Петербург,2025-12-31
4357,Москва,2026-06-06
4358,Екатеринбург,2025-11-06
4359,Москва,2025-05-31
4360,Самара,2025-11-27
4361,Санкт-Петербург,2025-12-09
4362,Санкт-Петербург,2025-03-20
4363,Санкт-Петербург,2025-04-21
4364,Воронеж,2025-06-08
4365,Москва,2025-10-26
4366,Москва,2025-03-22
4367,Москва,2026-02-25
4368,Новосибирск,2025-03-01
4369,Воронеж,2026-05-28
4370,Москва,2026-01-04
4371,Ростов-на-Дону,2025-07-04
4372,Москва,2025-07-23
4373,Екатеринбург,2026-01-13
4374,Москва,2025-02-18
4375,Казань,2026-01-26
4376,Новосибирск,2025-10-28
4377,Казань,2025-05-01
4378,Москва,2026-05-05
4379,Самара,2025-12-09
4380,Воронеж,2025-03-31
4381,Санкт-Петербург,2025-12-24
4382,Екатеринбург,2025-08-13
4383,Нижний Новгород,2026-02-21
4384,Москва,2025-09-26
4385,Ростов-на-Дону,2026-06-29
4386,Санкт-Петербург,2026-05-21
4387,Нижний Новгород,2025-01-22
4388,Москва,2025-08-12
4389,Санкт-Петербург,2025-04-21
4390,Казань,2025-09-03
4391,Казань,2025-03-21
4392,Самара,2025-10-19
4393,Воронеж,2025-03-26
4394,Москва,2025-12-06
4395,Москва,2025-09-05
4396,Санкт-Петербург,2026-06-26
4397,Казань,2026-04-24
4398,Казань,2025-11-24
4399,Самара,2025-09-02
4400,Нижний Новгород,2026-01-26
4401,Москва,2025-12-31
4402,Санкт-Петербург,2025-03-17
4403,Екатеринбург,2025-07-25
4404,Казань,2026-06-25
4405,Москва,2025-06-24
4406,Санкт-Петербург,2025-01-08
4407,Санкт-Петербург,2026-03-31
4408,Москва,2026-05-24
4409,Нижний Новгород,2025-12-24
4410,Санкт-Петербург,2025-12-13
4411,Екатеринбург,2025-07-11
4412,Казань,2025-07-15
4413,Ростов-на-Дону,2026-05-14
4414,Москва,2026-04-13
4415,Москва,2025-09-29
4416,Санкт-Петербург,2025-06-20
4417,Санкт-Петербург,2025-04-13
4418,Санкт-Петербург,2025-01-06
4419,Нижний Новгород,2025-09-21
4420,Москва,2025-10-29
4421,Москва,2026-01-03
4422,Санкт-Петербург,2026-03-15
4423,Нижний Новгород,2025-07-20
4424,Самара,2025-04-01
4425,Нижний Новгород,2026-04-05
4426,Казань,2026-02-20
4427,Новосибирск,2025-10-18
4428,Новосибирск,2025-01-22
4429,Москва,2025-09-12
4430,Казань,2025-12-04
4431,Нижний Новгород,2026-04-13
4432,Санкт-Петербург,2025-10-04
4433,Новосибирск,2025-09-10
4434,Казань,2025-07-27
4435,Казань,2025-08-14
4436,Москва,2025-01-09
4437,Новосибирск,2025-02-26
4438,Ростов-на-Дону,2026-02-17
4439,Москва,2025-07-17
4440,Санкт-Петербург,2026-04-09
4441,Москва,2025-08-05
4442,Москва,2026-06-28
4443,Воронеж,2025-04-09
4444,Казань,2025-04-13
4445,Санкт-Петербург,2025-11-17
4446,Москва,2026-03-14
4447,Воронеж,2025-03-20
4448,Москва,2025-10-02
4449,Новосибирск,2025-05-02
4450,Санкт-Петербург,2026-02-06
4451,Москва,2025-11-02
4452,Новосибирск,2025-12-23
4453,Москва,2025-05-27
4454,Новосибирск,2025-06-07
4455,Москва,2025-12-15
4456,Нижний Новгород,2025-07-12
4457,Нижний Новгород,2026-01-12
4458,Новосибирск,2025-03-25
4459,Москва,2025-06-14
4460,Новосибирск,2025-02-25
4461,Воронеж,2025-02-17
4462,Москва,2025-05-24
4463,Москва,2025-09-24
4464,Самара,2025-02-20
4465,Москва,2026-04-24
4466,Новосибирск,2025-10-08
4467,Нижний Новгород,2026-01-25
4468,Москва,2026-01-31
4469,Казань,2025-02-25
4470,Екатеринбург,2025-12-05
4471,Санкт-Петербург,2026-04-15
4472,Ростов-на-Дону,2025-09-02
4473,Москва,2026-04-15
4474,Санкт-Петербург,2026-05-31
4475,Самара,2025-10-25
4476,Москва,2025-02-25
4477,Самара,2025-12-03
4478,Москва,2026-04-25
4479,Казань,2025-11-12
4480,Москва,2026-03-13
4481,Новосибирск,2025-10-19
4482,Нижний Новгород,2025-08-17
4483,Самара,2026-05-31
4484,Воронеж,2025-03-25
4485,Новосибирск,2025-09-01
4486,Нижний Новгород,2025-03-26
4487,Казань,2025-12-23
4488,Уфа,2026-05-18
4489,Екатеринбург,2026-06-28
4490,Ростов-на-Дону,2025-05-08
4491,Москва,2026-02-01
4492,Казань,2026-04-22
4493,Новосибирск,2026-03-31
4494,Москва,2025-10-02
4495,Москва,2025-04-06
4496,Воронеж,2025-09-09
4497,Санкт-Петербург,2026-02-27
4498,Москва,2025-12-04
4499,Санкт-Петербург,2025-07-31
4500,Санкт-Петербург,2025-04-28
4501,Екатеринбург,2025-12-22
4502,Уфа,2025-08-22
4503,Воронеж,2025-09-15
4504,Новосибирск,2026-05-27
4505,Новосибирск,2025-01-05
4506,Санкт-Петербург,2025-05-10
4507,Самара,2026-05-17
4508,Москва,2026-05-18
4509,Москва,2025-06-14
4510,Воронеж,2026-06-26
4511,Ростов-на-Дону,2025-04-26
4512,Санкт-Петербург,2025-01-29
4513,Новосибирск,2025-06-17
4514,Казань,2025-10-17
4515,Санкт-Петербург,2025-01-04
4516,Санкт-Петербург,2025-04-04
4517,Москва,2026-03-08
4518,Казань,2025-12-05
4519,Санкт-Петербург,2025-11-26
4520,Казань,2026-06-24
4521,Москва,2025-05-05
4522,Уфа,2026-05-04
4523,Екатеринбург,2025-07-13
4524,Ростов-на-Дону,2026-05-20
4525,Москва,2026-03-03
4526,Екатеринбург,2025-04-25
4527,Самара,2025-10-23
4528,Санкт-Петербург,2025-10-02
4529,Москва,2025-05-08
4530,Москва,2025-05-22
4531,Москва,2026-05-06
4532,Санкт-Петербург,2026-02-15
4533,Санкт-Петербург,2025-04-15
4534,Москва,2026-01-31
4535,Екатеринбург,2025-03-25
4536,Москва,2025-08-31
4537,Санкт-Петербург,2025-01-07
4538,Новосибирск,2025-12-20
4539,Москва,2025-04-10
4540,Москва,2025-05-09
4541,Москва,2025-04-14
4542,Москва,2025-04-10
4543,Казань,2025-02-12
4544,Москва,2025-10-30
4545,Москва,2026-04-18
4546,Воронеж,2025-06-14
4547,Уфа,2026-03-02
4548,Москва,2025-10-24
4549,Санкт-Петербург,2025-05-19
4550,Казань,2025-02-03
4551,Самара,2026-03-03
4552,Самара,2025-01-13
4553,Москва,2025-08-19
4554,Москва,2025-01-19
4555,Санкт-Петербург,2026-02-27
4556,Ростов-на-Дону,2026-06-24
4557,Ростов-на-Дону,2025-06-26
4558,Москва,2025-06-20
4559,Екатеринбург,2025-11-04
4560,Москва,2025-10-01
4561,Новосибирск,2025-07-27
4562,Уфа,2025-07-19
4563,Санкт-Петербург,2025-04-13
4564,Москва,2025-05-17
4565,Екатеринбург,2025-11-16
4566,Санкт-Петербург,2026-02-05
4567,Самара,2026-02-14
4568,Санкт-Петербург,2025-10-09
4569,Ростов-на-Дону,2026-02-15
4570,Москва,2025-11-19
4571,Москва,2025-07-14
4572,Санкт-Петербург,2025-07-12
4573,Москва,2025-10-10
4574,Санкт-Петербург,2025-06-17
4575,Новосибирск,2026-02-21
4576,Москва,2025-04-11
4577,Москва,2025-01-30
4578,Москва,2025-09-25
4579,Москва,2025-02-09
4580,Ростов-на-Дону,2025-04-15
4581,Уфа,2025-07-25
4582,Москва,2025-01-03
4583,Нижний Новгород,2025-05-02
4584,Нижний Новгород,2025-10-24
4585,Воронеж,2025-07-24
4586,Санкт-Петербург,2026-05-04
4587,Санкт-Петербург,2025-02-21
4588,Санкт-Петербург,2026-01-28
4589,Самара,2025-11-19
4590,Новосибирск,2025-12-18
4591,Казань,2026-01-02
4592,Москва,2025-01-29
4593,Новосибирск,2026-03-08
4594,Самара,2025-06-30
4595,Санкт-Петербург,2025-12-21
4596,Новосибирск,2025-06-10
4597,Санкт-Петербург,2025-08-05
4598,Казань,2026-01-17
4599,Казань,2026-05-25
4600,Нижний Новгород,2026-04-24
4601,Воронеж,2026-01-31
4602,Санкт-Петербург,2025-10-21
4603,Санкт-Петербург,2025-10-15
4604,Санкт-Петербург,2026-06-11
4605,Москва,2025-04-23
4606,Санкт-Петербург,2026-06-04
4607,Москва,2025-12-20
4608,Санкт-Петербург,2025-12-02
4609,Москва,2025-11-19
4610,Санкт-Петербург,2026-03-19
4611,Нижний Новгород,2026-01-08
4612,Москва,2025-02-21
4613,Екатеринбург,2026-03-02
4614,Ростов-на-Дону,2026-02-02
4615,Екатеринбург,2026-05-14
4616,Москва,2026-05-26
4617,Санкт-Петербург,2026-06-02
4618,Екатеринбург,2025-01-24
4619,Казань,2025-12-10
4620,Москва,2026-05-25
4621,Санкт-Петербург,2026-06-11
4622,Казань,2025-10-27
4623,Москва,2026-05-12
4624,Екатеринбург,2026-04-25
4625,Москва,2025-01-02
4626,Санкт-Петербург,2026-04-28
4627,Самара,2025-12-14
4628,Москва,2025-11-09
4629,Екатеринбург,2025-04-08
4630,Санкт-Петербург,2026-05-16
4631,Санкт-Петербург,2025-06-10
4632,Уфа,2025-08-16
4633,Санкт-Петербург,2025-06-12
4634,Москва,2026-06-13
4635,Ростов-на-Дону,2025-09-21
4636,Нижний Новгород,2025-03-04
4637,Новосибирск,2025-01-06
4638,Москва,2026-06-19
4639,Москва,2025-05-09
4640,Екатеринбург,2026-02-25
4641,Москва,2025-01-16
4642,Москва,2026-05-04
4643,Нижний Новгород,2025-12-21
4644,Санкт-Петербург,2025-05-03
4645,Москва,2026-04-30
4646,Москва,2025-06-12
4647,Санкт-Петербург,2026-06-28
4648,Екатеринбург,2025-11-23
4649,Ростов-на-Дону,2025-09-02
4650,Москва,2025-02-01
4651,Москва,2025-05-22
4652,Казань,2025-02-01
4653,Санкт-Петербург,2026-04-10
4654,Казань,2025-02-24
4655,Уфа,2025-03-03
4656,Казань,2025-03-09
4657,Санкт-Петербург,2026-06-15
4658,Воронеж,2026-06-13
4659,Москва,2026-01-25
4660,Уфа,2025-02-10
4661,Казань,2025-10-02
4662,Казань,2026-06-01
4663,Уфа,2025-02-22
4664,Казань,2026-03-09
4665,Санкт-Петербург,2025-01-10
4666,Москва,2026-03-15
4667,Новосибирск,2025-10-24
4668,Екатеринбург,2026-04-29
4669,Москва,2025-08-14
4670,Новосибирск,2026-03-05
4671,Екатеринбург,2026-04-05
4672,Санкт-Петербург,2025-06-27
4673,Москва,2025-12-17
4674,Санкт-Петербург,2025-09-09
4675,Москва,2025-08-24
4676,Москва,2026-03-12
4677,Санкт-Петербург,2025-05-04
4678,Москва,2025-03-07
4679,Москва,2025-09-19
4680,Новосибирск,2026-03-24
4681,Санкт-Петербург,2025-03-30
4682,Воронеж,2025-07-05
4683,Уфа,2025-12-30
4684,Екатеринбург,2025-09-17
4685,Воронеж,2025-11-27
4686,Ростов-на-Дону,2025-10-15
4687,Санкт-Петербург,2026-03-18
4688,Нижний Новгород,2026-04-23
4689,Москва,2025-09-02
4690,Новосибирск,2025-08-24
4691,Казань,2025-06-01
4692,Москва,2025-08-30
4693,Москва,2026-04-01
4694,Уфа,2025-10-01
4695,Санкт-Петербург,2026-01-12
4696,Москва,2025-08-17
4697,Москва,2026-01-21
4698,Казань,2026-01-24
4699,Самара,2025-10-15
4700,Нижний Новгород,2026-05-25
4701,Санкт-Петербург,2026-04-23
4702,Москва,2025-03-28
4703,Москва,2025-05-05
4704,Казань,2026-06-05
4705,Самара,2025-08-07
4706,Новосибирск,2025-06-19
4707,Санкт-Петербург,2026-03-10
4708,Екатеринбург,2025-11-25
4709,Санкт-Петербург,2025-03-14
4710,Екатеринбург,2025-02-20
4711,Казань,2026-03-17
4712,Новосибирск,2026-02-21
4713,Казань,2025-07-12
4714,Уфа,2026-04-16
4715,Санкт-Петербург,2025-03-10
4716,Москва,2026-04-19
4717,Москва,2025-02-13
4718,Казань,2025-12-13
4719,Казань,2026-04-05
4720,Казань,2025-12-04
4721,Новосибирск,2026-03-01
4722,Москва,2025-07-07
4723,Новосибирск,2025-06-06
4724,Новосибирск,2025-05-25
4725,Санкт-Петербург,2025-03-05
4726,Санкт-Петербург,2025-06-01
4727,Москва,2025-05-15
4728,Санкт-Петербург,2026-02-17
4729,Нижний Новгород,2025-04-27
4730,Ростов-на-Дону,2025-04-01
4731,Екатеринбург,2026-02-04
4732,Санкт-Петербург,2025-10-21
4733,Новосибирск,2025-04-28
4734,Нижний Новгород,2026-01-20
4735,Санкт-Петербург,2025-04-28
4736,Самара,2026-03-05
4737,Москва,2025-01-18
4738,Москва,2025-11-18
4739,Москва,2025-11-22
4740,Москва,2025-07-23
4741,Ростов-на-Дону,2026-01-11
4742,Санкт-Петербург,2025-07-26
4743,Москва,2025-12-23
4744,Санкт-Петербург,2025-05-02
4745,Санкт-Петербург,2025-11-06
4746,Санкт-Петербург,2026-02-17
4747,Москва,2026-06-11
4748,Новосибирск,2025-07-16
4749,Москва,2025-09-15
4750,Нижний Новгород,2025-09-17
4751,Москва,2026-04-14
4752,Нижний Новгород,2026-06-09
4753,Самара,2025-12-19
4754,Москва,2026-03-25
4755,Москва,2025-02-15
4756,Уфа,2026-02-18
4757,Казань,2026-03-18
4758,Екатеринбург,2026-01-25
4759,Москва,2025-11-15
4760,Москва,2026-05-06
4761,Казань,2025-12-23
4762,Ростов-на-Дону,2026-04-07
4763,Москва,2025-04-09
4764,Нижний Новгород,2025-12-29
4765,Новосибирск,2025-08-27
4766,Москва,2026-04-19
4767,Санкт-Петербург,2026-04-25
4768,Москва,2026-04-05
4769,Санкт-Петербург,2025-04-28
4770,Екатеринбург,2025-09-26
4771,Санкт-Петербург,2025-01-01
4772,Москва,2026-06-18
4773,Новосибирск,2025-05-21
4774,Екатеринбург,2025-12-07
4775,Казань,2025-09-23
4776,Казань,2026-05-09
4777,Москва,2026-03-24
4778,Новосибирск,2026-02-28
4779,Санкт-Петербург,2025-12-17
4780,Санкт-Петербург,2025-03-07
4781,Москва,2026-05-16
4782,Екатеринбург,2025-02-04
4783,Екатеринбург,2025-09-06
4784,Санкт-Петербург,2025-07-26
4785,Самара,2025-08-01
4786,Самара,2026-06-17
4787,Москва,2025-05-07
4788,Новосибирск,2025-11-13
4789,Санкт-Петербург,2025-04-29
4790,Воронеж,2026-05-12
4791,Москва,2026-02-06
4792,Санкт-Петербург,2025-08-15
4793,Санкт-Петербург,2025-02-13
4794,Москва,2025-03-25
4795,Новосибирск,2025-05-13
4796,Казань,2025-08-10
4797,Москва,2026-04-28
4798,Казань,2025-03-07
4799,Ростов-на-Дону,2025-11-11
4800,Нижний Новгород,2025-07-09
4801,Казань,2025-01-26
4802,Санкт-Петербург,2025-12-04
4803,Москва,2026-01-19
4804,Ростов-на-Дону,2026-06-07
4805,Новосибирск,2025-10-04
4806,Екатеринбург,2025-06-27
4807,Ростов-на-Дону,2026-04-11
4808,Москва,2025-05-15
4809,Новосибирск,2026-01-07
4810,Москва,2026-05-30
4811,Москва,2025-01-03
4812,Казань,2026-05-20
4813,Санкт-Петербург,2025-04-23
4814,Уфа,2025-09-20
4815,Санкт-Петербург,2025-05-21
4816,Самара,2025-03-20
4817,Нижний Новгород,2026-01-18
4818,Новосибирск,2025-09-20
4819,Уфа,2025-10-05
4820,Санкт-Петербург,2025-09-21
4821,Санкт-Петербург,2026-02-12
4822,Москва,2026-06-11
4823,Москва,2025-10-07
4824,Ростов-на-Дону,2025-03-26
4825,Казань,2025-06-28
4826,Санкт-Петербург,2025-09-28
4827,Москва,2025-02-26
4828,Казань,2025-05-05
4829,Новосибирск,2025-04-21
4830,Санкт-Петербург,2026-06-15
4831,Нижний Новгород,2025-08-07
4832,Екатеринбург,2026-04-25
4833,Нижний Новгород,2025-10-28
4834,Москва,2025-10-03
4835,Екатеринбург,2026-05-27
4836,Москва,2026-01-13
4837,Санкт-Петербург,2025-05-11
4838,Новосибирск,2025-06-03
4839,Екатеринбург,2025-12-30
4840,Москва,2025-01-02
4841,Самара,2025-03-25
4842,Москва,2025-02-10
4843,Екатеринбург,2026-01-24
4844,Воронеж,2025-08-29
4845,Казань,2025-01-07
4846,Самара,2026-02-09
4847,Екатеринбург,2025-12-24
4848,Нижний Новгород,2026-01-27
4849,Новосибирск,2025-03-30
4850,Новосибирск,2026-04-22
4851,Москва,2025-04-09
4852,Нижний Новгород,2025-11-01
4853,Москва,2025-04-30
4854,Воронеж,2025-07-24
4855,Москва,2025-01-29
4856,Москва,2025-09-14
4857,Самара,2026-01-05
4858,Москва,2025-06-18
4859,Санкт-Петербург,2025-10-21
4860,Новосибирск,2026-06-04
4861,Москва,2025-05-08
4862,Москва,2025-06-08
4863,Казань,2025-03-07
4864,Москва,2025-10-23
4865,Москва,2025-04-22
4866,Москва,2026-04-11
4867,Санкт-Петербург,2025-06-08
4868,Санкт-Петербург,2025-12-28
4869,Москва,2025-04-14
4870,Екатеринбург,2025-06-25
4871,Екатеринбург,2025-04-04
4872,Москва,2025-10-29
4873,Санкт-Петербург,2025-01-16
4874,Ростов-на-Дону,2025-02-15
4875,Екатеринбург,2025-10-01
4876,Санкт-Петербург,2025-10-25
4877,Казань,2025-06-29
4878,Москва,2025-08-24
4879,Самара,2025-08-15
4880,Уфа,2026-02-18
4881,Уфа,2025-09-01
4882,Москва,2026-04-08
4883,Санкт-Петербург,2025-04-29
4884,Москва,2025-04-19
4885,Санкт-Петербург,2025-08-09
4886,Санкт-Петербург,2025-02-14
4887,Екатеринбург,2026-01-01
4888,Москва,2025-08-01
4889,Уфа,2025-07-19
4890,Москва,2025-10-19
4891,Москва,2025-02-14
4892,Самара,2025-07-25
4893,Новосибирск,2026-06-14
4894,Санкт-Петербург,2025-12-09
4895,Екатеринбург,2025-11-09
4896,Москва,2025-10-03
4897,Москва,2025-09-13
4898,Казань,2026-05-26
4899,Санкт-Петербург,2026-05-23
4900,Екатеринбург,2025-08-12
4901,Москва,2026-05-19
4902,Новосибирск,2025-02-14
4903,Нижний Новгород,2025-06-24
4904,Москва,2025-06-14
4905,Москва,2026-01-16
4906,Санкт-Петербург,2025-11-27
4907,Нижний Новгород,2025-09-15
4908,Новосибирск,2025-05-20
4909,Новосибирск,2025-10-04
4910,Санкт-Петербург,2025-05-27
4911,Москва,2025-09-29
4912,Казань,2025-07-05
4913,Москва,2026-04-30
4914,Новосибирск,2026-02-11
4915,Москва,2025-04-06
4916,Санкт-Петербург,2026-05-28
4917,Казань,2025-12-26
4918,Казань,2025-07-10
4919,Екатеринбург,2025-10-17
4920,Санкт-Петербург,2025-04-17
4921,Уфа,2025-01-26
4922,Самара,2025-08-18
4923,Ростов-на-Дону,2026-03-03
4924,Екатеринбург,2025-07-11
4925,Екатеринбург,2025-07-29
4926,Екатеринбург,2026-06-24
4927,Санкт-Петербург,2026-06-23
4928,Санкт-Петербург,2025-09-10
4929,Екатеринбург,2025-01-25
4930,Москва,2026-01-06
4931,Москва,2026-01-25
4932,Самара,2026-05-14
4933,Москва,2026-06-01
4934,Казань,2025-12-09
4935,Екатеринбург,2025-02-28
4936,Москва,2025-05-16
4937,Ростов-на-Дону,2026-01-26
4938,Москва,2025-11-28
4939,Ростов-на-Дону,2025-08-26
4940,Нижний Новгород,2025-08-08
4941,Москва,2026-01-22
4942,Москва,2025-08-19
4943,Санкт-Петербург,2025-03-26
4944,Санкт-Петербург,2026-06-18
4945,Москва,2025-07-10
4946,Воронеж,2025-06-01
4947,Москва,2025-02-07
4948,Самара,2025-09-13
4949,Москва,2026-06-22
4950,Воронеж,2025-03-29
4951,Москва,2025-05-14
4952,Санкт-Петербург,2025-04-08
4953,Казань,2025-02-21
4954,Москва,2025-11-25
4955,Самара,2025-06-12
4956,Москва,2026-02-14
4957,Казань,2025-08-07
4958,Казань,2025-12-13
4959,Екатеринбург,2025-02-18
4960,Москва,2025-06-29
4961,Москва,2025-08-14
4962,Москва,2025-02-02
4963,Санкт-Петербург,2025-08-17
4964,Москва,2025-09-14
4965,Уфа,2025-08-09
4966,Казань,2025-10-02
4967,Екатеринбург,2026-03-11
4968,Санкт-Петербург,2026-02-25
4969,Москва,2025-01-08
4970,Казань,2025-12-15
4971,Санкт-Петербург,2026-05-08
4972,Санкт-Петербург,2026-04-20
4973,Санкт-Петербург,2025-06-26
4974,Казань,2026-03-03
4975,Воронеж,2026-03-13
4976,Москва,2025-07-19
4977,Казань,2026-04-19
4978,Москва,2025-12-11
4979,Санкт-Петербург,2026-02-14
4980,Новосибирск,2026-02-12
4981,Москва,2026-03-02
4982,Екатеринбург,2026-06-06
4983,Санкт-Петербург,2026-04-13
4984,Москва,2025-08-19
4985,Уфа,2025-11-03
4986,Санкт-Петербург,2025-12-20
4987,Нижний Новгород,2026-04-12
4988,Санкт-Петербург,2025-08-03
4989,Уфа,2025-06-20
4990,Санкт-Петербург,2026-02-07
4991,Санкт-Петербург,2026-06-05
4992,Нижний Новгород,2026-05-13
4993,Санкт-Петербург,2025-03-22
4994,Санкт-Петербург,2026-05-16
4995,Воронеж,2026-03-07
4996,Казань,2025-03-27
4997,Новосибирск,2025-01-04
4998,Екатеринбург,2025-04-22
4999,Самара,2026-05-22
5000,Ростов-на-Дону,2026-02-16
5001,Екатеринбург,2025-11-10
5002,Санкт-Петербург,2025-12-10
5003,Москва,2025-08-14
5004,Екатеринбург,2026-05-09
5005,Самара,2025-03-27
5006,Санкт-Петербург,2025-06-21
5007,Москва,2025-04-20
5008,Санкт-Петербург,2026-04-08
5009,Казань,2025-10-22
5010,Самара,2026-01-08
5011,Москва,2026-05-17
5012,Екатеринбург,2025-04-17
5013,Нижний Новгород,2026-06-10
5014,Уфа,2025-03-10
5015,Москва,2026-02-16
5016,Уфа,2026-01-18
5017,Екатеринбург,2026-03-26
5018,Нижний Новгород,2025-03-28
5019,Москва,2026-06-08
5020,Казань,2026-03-09
5021,Екатеринбург,2025-03-02
5022,Санкт-Петербург,2025-10-31
5023,Санкт-Петербург,2026-03-22
5024,Казань,2025-09-17
5025,Казань,2025-07-27
5026,Москва,2025-05-31
5027,Санкт-Петербург,2025-10-09
5028,Москва,2026-06-21
5029,Уфа,2025-11-28
5030,Воронеж,2026-01-29
5031,Санкт-Петербург,2026-03-01
5032,Москва,2026-03-01
5033,Москва,2025-08-07
5034,Казань,2026-02-23
5035,Ростов-на-Дону,2025-06-28
5036,Казань,2025-11-15
5037,Москва,2025-06-14
5038,Москва,2026-05-28
5039,Москва,2026-02-02
5040,Самара,2025-11-15
5041,Екатеринбург,2025-09-04
5042,Екатеринбург,2025-10-11
5043,Санкт-Петербург,2026-03-02
5044,Уфа,2025-05-30
5045,Санкт-Петербург,2026-03-28
5046,Самара,2025-06-03
5047,Ростов-на-Дону,2025-03-19
5048,Казань,2026-02-06
5049,Ростов-на-Дону,2026-01-22
5050,Москва,2025-07-02
5051,Новосибирск,2025-12-20
5052,Москва,2026-02-02
5053,Казань,2026-03-06
5054,Москва,2026-06-04
5055,Москва,2026-04-11
5056,Москва,2025-08-28
5057,Санкт-Петербург,2025-05-06
5058,Екатеринбург,2025-02-23
5059,Санкт-Петербург,2025-11-09
5060,Санкт-Петербург,2025-12-30
5061,Воронеж,2026-01-12
5062,Уфа,2025-01-06
5063,Москва,2026-01-18
5064,Санкт-Петербург,2026-03-05
5065,Екатеринбург,2026-01-29
5066,Нижний Новгород,2025-10-14
5067,Санкт-Петербург,2025-01-09
5068,Нижний Новгород,2025-09-24
5069,Москва,2025-12-18
5070,Санкт-Петербург,2025-11-07
5071,Новосибирск,2025-11-10
5072,Екатеринбург,2025-10-09
5073,Самара,2025-10-28
5074,Москва,2025-06-26
5075,Москва,2025-11-26
5076,Москва,2025-06-03
5077,Москва,2025-09-25
5078,Москва,2025-08-15
5079,Казань,2026-01-25
5080,Казань,2026-05-03
5081,Новосибирск,2025-12-12
5082,Санкт-Петербург,2025-03-15
5083,Москва,2025-12-30
5084,Новосибирск,2025-06-26
5085,Москва,2025-01-27
5086,Ростов-на-Дону,2025-04-15
5087,Москва,2026-06-29
5088,Казань,2025-08-21
5089,Ростов-на-Дону,2025-04-20
5090,Екатеринбург,2025-03-14
5091,Екатеринбург,2025-12-21
5092,Новосибирск,2026-02-19
5093,Москва,2025-07-12
5094,Новосибирск,2025-02-26
5095,Ростов-на-Дону,2025-07-13
5096,Воронеж,2025-12-29
5097,Санкт-Петербург,2025-03-04
5098,Санкт-Петербург,2025-05-26
5099,Нижний Новгород,2025-01-02
5100,Казань,2025-09-15
5101,Москва,2025-04-03
5102,Москва,2025-04-19
5103,Москва,2025-03-03
5104,Санкт-Петербург,2026-02-02
5105,Москва,2025-09-24
5106,Москва,2026-06-01
5107,Москва,2025-08-04
5108,Уфа,2025-05-01
5109,Москва,2025-04-22
5110,Москва,2026-06-04
5111,Санкт-Петербург,2025-11-18
5112,Москва,2025-06-27
5113,Воронеж,2025-12-23
5114,Уфа,2025-11-01
5115,Санкт-Петербург,2025-03-04
5116,Санкт-Петербург,2026-01-18
5117,Санкт-Петербург,2025-03-06
5118,Москва,2025-04-19
5119,Санкт-Петербург,2026-01-24
5120,Москва,2025-08-31
5121,Москва,2025-05-02
5122,Екатеринбург,2025-02-06
5123,Москва,2025-11-20
5124,Москва,2026-01-15
5125,Казань,2025-04-21
5126,Санкт-Петербург,2025-08-16
5127,Москва,2025-07-07
5128,Москва,2026-05-01
5129,Москва,2026-03-08
5130,Москва,2025-05-30
5131,Самара,2025-10-07
5132,Уфа,2026-05-19
5133,Санкт-Петербург,2025-07-08
5134,Санкт-Петербург,2025-03-18
5135,Новосибирск,2025-06-12
5136,Екатеринбург,2025-11-27
5137,Москва,2026-06-25
5138,Москва,2025-06-17
5139,Санкт-Петербург,2025-02-01
5140,Екатеринбург,2025-04-10
5141,Москва,2025-08-13
5142,Санкт-Петербург,2025-02-21
5143,Санкт-Петербург,2025-01-20
5144,Москва,2025-12-24
5145,Казань,2026-03-26
5146,Новосибирск,2025-05-08
5147,Казань,2025-10-12
5148,Москва,2025-11-09
5149,Москва,2025-12-30
5150,Самара,2026-06-18
5151,Казань,2026-04-28
5152,Москва,2025-06-22
5153,Москва,2026-06-16
5154,Самара,2025-01-20
5155,Нижний Новгород,2026-06-09
5156,Ростов-на-Дону,2025-03-19
5157,Екатеринбург,2025-03-04
5158,Санкт-Петербург,2025-03-07
5159,Санкт-Петербург,2025-03-08
5160,Москва,2025-09-10
5161,Новосибирск,2025-12-15
5162,Екатеринбург,2026-02-10
5163,Москва,2025-01-09
5164,Ростов-на-Дону,2025-06-11
5165,Санкт-Петербург,2025-03-14
5166,Москва,2025-03-21
5167,Санкт-Петербург,2026-02-11
5168,Ростов-на-Дону,2025-12-16
5169,Уфа,2025-04-25
5170,Казань,2025-06-14
5171,Уфа,2026-05-20
5172,Ростов-на-Дону,2025-11-10
5173,Самара,2025-05-11
5174,Самара,2026-05-24
5175,Санкт-Петербург,2025-04-19
5176,Нижний Новгород,2025-06-08
5177,Екатеринбург,2026-01-13
5178,Новосибирск,2025-10-07
5179,Москва,2025-02-07
5180,Нижний Новгород,2026-03-16
5181,Уфа,2025-05-05
5182,Санкт-Петербург,2026-01-12
5183,Воронеж,2025-07-02
5184,Санкт-Петербург,2026-02-14
5185,Москва,2026-05-05
5186,Москва,2026-02-26
5187,Нижний Новгород,2026-05-18
5188,Казань,2025-10-22
5189,Санкт-Петербург,2025-02-05
5190,Екатеринбург,2025-10-20
5191,Санкт-Петербург,2025-09-09
5192,Санкт-Петербург,2026-01-27
5193,Ростов-на-Дону,2025-05-16
5194,Новосибирск,2026-01-16
5195,Нижний Новгород,2025-08-29
5196,Екатеринбург,2026-01-01
5197,Воронеж,2025-08-17
5198,Москва,2025-07-28
5199,Москва,2025-04-27
5200,Москва,2026-03-28
5201,Казань,2025-02-07
5202,Екатеринбург,2025-05-09
5203,Новосибирск,2025-08-21
5204,Санкт-Петербург,2025-03-26
5205,Москва,2026-05-15
5206,Екатеринбург,2025-07-08
5207,Воронеж,2025-05-13
5208,Санкт-Петербург,2025-05-19
5209,Москва,2025-04-15
5210,Санкт-Петербург,2025-12-28
5211,Санкт-Петербург,2025-09-20
5212,Москва,2025-05-06
5213,Санкт-Петербург,2026-04-21
5214,Екатеринбург,2025-12-24
5215,Санкт-Петербург,2025-08-08
5216,Санкт-Петербург,2025-10-07
5217,Москва,2025-12-24
5218,Уфа,2025-03-25
5219,Санкт-Петербург,2026-03-17
5220,Санкт-Петербург,2025-05-21
5221,Москва,2025-01-17
5222,Екатеринбург,2025-10-12
5223,Ростов-на-Дону,2026-04-23
5224,Москва,2026-02-04
5225,Москва,2025-06-18
5226,Москва,2025-08-06
5227,Екатеринбург,2025-11-21
5228,Уфа,2025-05-07
5229,Санкт-Петербург,2026-03-23
5230,Санкт-Петербург,2025-06-10
5231,Нижний Новгород,2025-04-29
5232,Нижний Новгород,2025-02-21
5233,Москва,2026-01-13
5234,Москва,2025-01-14
5235,Санкт-Петербург,2026-03-15
5236,Нижний Новгород,2026-06-15
5237,Новосибирск,2025-03-02
5238,Новосибирск,2025-02-22
5239,Самара,2026-05-25
5240,Москва,2025-03-10
5241,Санкт-Петербург,2025-08-11
5242,Москва,2026-04-20
5243,Ростов-на-Дону,2025-03-17
5244,Екатеринбург,2025-12-28
5245,Санкт-Петербург,2025-07-28
5246,Москва,2025-08-26
5247,Новосибирск,2026-05-23
5248,Нижний Новгород,2025-12-20
5249,Новосибирск,2025-06-24
5250,Москва,2026-05-25
5251,Уфа,2025-11-13
5252,Нижний Новгород,2025-02-24
5253,Новосибирск,2025-08-02
5254,Новосибирск,2025-05-13
5255,Ростов-на-Дону,2025-12-17
5256,Уфа,2026-04-14
5257,Екатеринбург,2025-01-22
5258,Санкт-Петербург,2026-03-02
5259,Санкт-Петербург,2026-05-15
5260,Самара,2026-06-26
5261,Екатеринбург,2025-12-27
5262,Москва,2025-06-21
5263,Москва,2025-03-21
5264,Ростов-на-Дону,2026-05-30
5265,Ростов-на-Дону,2025-08-13
5266,Уфа,2025-07-07
5267,Санкт-Петербург,2026-02-05
5268,Нижний Новгород,2026-01-25
5269,Самара,2026-03-18
5270,Санкт-Петербург,2026-04-27
5271,Москва,2026-04-23
5272,Воронеж,2025-04-04
5273,Москва,2025-04-03
5274,Екатеринбург,2025-04-23
5275,Новосибирск,2025-12-08
5276,Новосибирск,2025-11-13
5277,Москва,2026-04-13
5278,Новосибирск,2026-04-05
5279,Москва,2026-03-20
5280,Самара,2025-02-13
5281,Москва,2026-01-15
5282,Новосибирск,2026-04-09
5283,Нижний Новгород,2026-06-20
5284,Москва,2025-07-07
5285,Москва,2026-02-28
5286,Нижний Новгород,2025-08-10
5287,Москва,2025-03-29
5288,Москва,2025-07-05
5289,Санкт-Петербург,2025-05-17
5290,Уфа,2026-05-12
5291,Екатеринбург,2025-04-06
5292,Санкт-Петербург,2025-03-13
5293,Воронеж,2025-11-12
5294,Казань,2025-11-09
5295,Санкт-Петербург,2025-11-02
5296,Санкт-Петербург,2025-03-22
5297,Санкт-Петербург,2025-09-29
5298,Санкт-Петербург,2026-05-22
5299,Новосибирск,2025-02-18
5300,Москва,2026-03-11
5301,Новосибирск,2025-03-10
5302,Москва,2025-05-08
5303,Санкт-Петербург,2026-05-05
5304,Москва,2025-06-12
5305,Казань,2025-10-12
5306,Новосибирск,2025-07-27
5307,Санкт-Петербург,2025-12-01
5308,Москва,2025-08-09
5309,Москва,2025-08-30
5310,Самара,2026-03-22
5311,Москва,2025-10-29
5312,Нижний Новгород,2025-11-04
5313,Санкт-Петербург,2026-03-16
5314,Москва,2025-08-22
5315,Новосибирск,2026-03-25
5316,Казань,2026-01-28
5317,Москва,2026-04-27
5318,Уфа,2025-09-07
5319,Москва,2025-11-01
5320,Санкт-Петербург,2025-03-11
5321,Санкт-Петербург,2025-03-02
5322,Казань,2025-02-28
5323,Нижний Новгород,2025-12-11
5324,Москва,2025-06-27
5325,Уфа,2025-06-07
5326,Екатеринбург,2025-11-25
5327,Уфа,2025-08-06
5328,Самара,2025-03-15
5329,Уфа,2025-10-31
5330,Екатеринбург,2025-10-27
5331,Санкт-Петербург,2025-03-18
5332,Санкт-Петербург,2025-05-27
5333,Новосибирск,2025-05-10
5334,Санкт-Петербург,2026-01-15
5335,Нижний Новгород,2025-05-16
5336,Москва,2025-01-16
5337,Самара,2025-05-26
5338,Москва,2025-09-13
5339,Уфа,2026-02-24
5340,Москва,2025-01-29
5341,Москва,2026-04-26
5342,Самара,2025-06-30
5343,Самара,2025-07-06
5344,Нижний Новгород,2025-01-09
5345,Воронеж,2025-05-31
5346,Москва,2025-09-13
5347,Самара,2025-12-08
5348,Санкт-Петербург,2026-02-23
5349,Казань,2025-10-12
5350,Санкт-Петербург,2025-02-24
5351,Москва,2025-08-02
5352,Екатеринбург,2026-02-05
5353,Нижний Новгород,2025-12-15
5354,Москва,2025-11-15
5355,Уфа,2025-10-05
5356,Казань,2025-10-03
5357,Москва,2026-06-26
5358,Екатеринбург,2025-11-23
5359,Москва,2025-11-22
5360,Москва,2025-07-03
5361,Новосибирск,2025-09-25
5362,Москва,2026-01-23
5363,Москва,2026-04-13
5364,Нижний Новгород,2026-03-01
5365,Москва,2025-12-27
5366,Самара,2026-03-01
5367,Нижний Новгород,2025-01-18
5368,Москва,2025-05-27
5369,Казань,2025-05-13
5370,Москва,2025-12-23
5371,Екатеринбург,2026-02-15
5372,Москва,2025-03-22
5373,Уфа,2025-04-16
5374,Москва,2025-09-28
5375,Новосибирск,2026-06-12
5376,Москва,2025-01-02
5377,Москва,2026-04-25
5378,Санкт-Петербург,2025-04-16
5379,Екатеринбург,2025-05-27
5380,Воронеж,2025-12-11
5381,Москва,2026-02-02
5382,Москва,2026-04-22
5383,Санкт-Петербург,2025-01-03
5384,Санкт-Петербург,2025-01-27
5385,Ростов-на-Дону,2025-09-18
5386,Уфа,2025-11-01
5387,Ростов-на-Дону,2025-05-23
5388,Москва,2025-12-14
5389,Санкт-Петербург,2025-05-25
5390,Нижний Новгород,2026-05-24
5391,Санкт-Петербург,2025-04-07
5392,Новосибирск,2025-10-17
5393,Москва,2025-02-26
5394,Санкт-Петербург,2025-11-26
5395,Ростов-на-Дону,2025-03-21
5396,Москва,2025-10-22
5397,Воронеж,2025-12-13
5398,Санкт-Петербург,2025-02-09
5399,Москва,2025-04-28
5400,Москва,2025-06-11
5401,Москва,2026-05-21
5402,Казань,2025-05-01
5403,Москва,2026-05-17
5404,Екатеринбург,2025-10-19
5405,Ростов-на-Дону,2026-06-02
5406,Санкт-Петербург,2026-03-30
5407,Москва,2025-06-09
5408,Санкт-Петербург,2025-11-02
5409,Нижний Новгород,2026-01-26
5410,Екатеринбург,2025-02-12
5411,Москва,2025-12-28
5412,Казань,2025-09-08
5413,Казань,2025-01-20
5414,Санкт-Петербург,2026-04-18
5415,Москва,2025-05-25
5416,Воронеж,2026-04-22
5417,Москва,2025-04-23
5418,Москва,2025-10-23
5419,Москва,2025-07-22
5420,Екатеринбург,2026-05-02
5421,Санкт-Петербург,2026-06-04
5422,Москва,2026-02-24
5423,Санкт-Петербург,2026-04-06
5424,Новосибирск,2026-02-24
5425,Санкт-Петербург,2025-06-09
5426,Уфа,2026-05-17
5427,Санкт-Петербург,2025-10-16
5428,Москва,2025-07-07
5429,Уфа,2025-04-15
5430,Самара,2026-01-22
5431,Санкт-Петербург,2025-06-01
5432,Самара,2025-12-22
5433,Казань,2025-02-05
5434,Санкт-Петербург,2025-12-12
5435,Самара,2025-12-17
5436,Нижний Новгород,2025-10-13
5437,Санкт-Петербург,2025-12-25
5438,Екатеринбург,2026-06-26
5439,Санкт-Петербург,2026-04-02
5440,Москва,2025-08-28
5441,Воронеж,2026-04-20
5442,Казань,2026-06-05
5443,Екатеринбург,2025-03-29
5444,Екатеринбург,2025-07-15
5445,Казань,2026-02-09
5446,Санкт-Петербург,2025-10-08
5447,Воронеж,2025-03-15
5448,Екатеринбург,2025-09-15
5449,Новосибирск,2025-07-23
5450,Санкт-Петербург,2026-02-07
5451,Санкт-Петербург,2025-10-08
5452,Москва,2025-03-18
5453,Санкт-Петербург,2025-01-27
5454,Москва,2025-06-06
5455,Новосибирск,2025-03-27
5456,Ростов-на-Дону,2026-04-23
5457,Санкт-Петербург,2025-05-28
5458,Санкт-Петербург,2025-12-12
5459,Новосибирск,2025-03-11
5460,Москва,2025-08-29
5461,Уфа,2026-05-25
5462,Санкт-Петербург,2025-12-17
5463,Москва,2025-06-07
5464,Москва,2026-02-12
5465,Уфа,2025-10-01
5466,Москва,2025-05-09
5467,Новосибирск,2026-06-28
5468,Москва,2026-05-26
5469,Москва,2025-11-05
5470,Ростов-на-Дону,2025-01-19
5471,Москва,2025-08-13
5472,Москва,2025-10-08
5473,Казань,2026-05-22
5474,Ростов-на-Дону,2026-02-04
5475,Санкт-Петербург,2025-05-02
5476,Москва,2025-10-05
5477,Воронеж,2025-04-08
5478,Новосибирск,2025-09-16
5479,Самара,2025-10-19
5480,Нижний Новгород,2025-10-05
5481,Новосибирск,2025-08-21
5482,Санкт-Петербург,2025-08-27
5483,Санкт-Петербург,2026-03-11
5484,Новосибирск,2025-10-03
5485,Новосибирск,2025-01-23
5486,Уфа,2026-02-08
5487,Екатеринбург,2025-12-03
5488,Санкт-Петербург,2026-01-15
5489,Казань,2026-01-23
5490,Екатеринбург,2025-04-05
5491,Санкт-Петербург,2026-06-14
5492,Нижний Новгород,2026-06-24
5493,Екатеринбург,2025-03-21
5494,Москва,2025-04-30
5495,Екатеринбург,2025-05-15
5496,Екатеринбург,2026-06-11
5497,Уфа,2026-05-24
5498,Санкт-Петербург,2025-05-25
5499,Екатеринбург,2025-12-10
5500,Казань,2025-05-13
5501,Казань,2025-01-21
5502,Москва,2025-05-06
5503,Ростов-на-Дону,2025-02-12
5504,Уфа,2026-04-08
5505,Казань,2026-03-05
5506,Казань,2025-04-11
5507,Москва,2025-11-06
5508,Екатеринбург,2025-04-22
5509,Санкт-Петербург,2025-11-05
5510,Новосибирск,2026-05-04
5511,Москва,2026-04-25
5512,Новосибирск,2026-03-31
5513,Санкт-Петербург,2025-05-12
5514,Новосибирск,2025-04-14
5515,Екатеринбург,2025-03-29
5516,Москва,2025-03-11
5517,Санкт-Петербург,2025-12-01
5518,Самара,2025-12-25
5519,Екатеринбург,2026-04-26
5520,Москва,2025-02-19
5521,Санкт-Петербург,2025-05-25
5522,Санкт-Петербург,2026-02-01
5523,Екатеринбург,2026-01-07
5524,Екатеринбург,2025-08-21
5525,Москва,2025-03-25
5526,Екатеринбург,2025-09-21
5527,Нижний Новгород,2025-04-04
5528,Нижний Новгород,2025-10-19
5529,Москва,2026-05-07
5530,Санкт-Петербург,2025-04-17
5531,Санкт-Петербург,2025-03-06
5532,Москва,2026-02-07
5533,Санкт-Петербург,2025-01-14
5534,Москва,2026-06-20
5535,Москва,2026-02-27
5536,Новосибирск,2025-08-08
5537,Москва,2025-07-17
5538,Новосибирск,2025-07-30
5539,Москва,2025-08-05
5540,Екатеринбург,2026-04-03
5541,Санкт-Петербург,2026-03-12
5542,Нижний Новгород,2025-04-22
5543,Нижний Новгород,2025-04-09
5544,Санкт-Петербург,2025-10-22
5545,Екатеринбург,2025-12-21
5546,Москва,2026-02-01
5547,Екатеринбург,2025-06-20
5548,Москва,2025-09-20
5549,Санкт-Петербург,2025-02-26
5550,Москва,2025-09-06
5551,Ростов-на-Дону,2026-01-10
5552,Санкт-Петербург,2025-06-15
5553,Екатеринбург,2025-06-23
5554,Санкт-Петербург,2025-09-09
5555,Санкт-Петербург,2026-04-18
5556,Москва,2025-11-26
5557,Уфа,2026-05-16
5558,Нижний Новгород,2025-02-03
5559,Москва,2026-04-08
5560,Нижний Новгород,2025-01-24
5561,Санкт-Петербург,2025-06-25
5562,Москва,2025-08-21
5563,Казань,2025-05-09
5564,Москва,2026-06-24
5565,Москва,2026-05-02
5566,Новосибирск,2025-11-08
5567,Москва,2025-09-04
5568,Ростов-на-Дону,2026-02-20
5569,Новосибирск,2026-01-21
5570,Самара,2025-09-19
5571,Екатеринбург,2026-03-27
5572,Ростов-на-Дону,2025-04-16
5573,Санкт-Петербург,2025-06-01
5574,Казань,2025-01-10
5575,Казань,2025-03-06
5576,Ростов-на-Дону,2025-04-19
5577,Москва,2025-12-07
5578,Екатеринбург,2026-04-12
5579,Нижний Новгород,2025-11-18
5580,Санкт-Петербург,2025-08-31
5581,Ростов-на-Дону,2025-05-28
5582,Санкт-Петербург,2025-02-25
5583,Москва,2025-11-15
5584,Екатеринбург,2025-03-18
5585,Санкт-Петербург,2026-03-07
5586,Москва,2025-08-11
5587,Москва,2025-07-10
5588,Москва,2025-01-15
5589,Нижний Новгород,2025-05-13
5590,Ростов-на-Дону,2025-01-08
5591,Казань,2026-01-31
5592,Москва,2025-09-24
5593,Казань,2026-03-05
5594,Самара,2025-11-05
5595,Нижний Новгород,2026-06-05
5596,Санкт-Петербург,2026-03-04
5597,Москва,2025-03-22
5598,Ростов-на-Дону,2025-03-05
5599,Самара,2026-04-30
5600,Москва,2025-05-27
5601,Самара,2026-02-21
5602,Москва,2025-12-09
5603,Москва,2026-01-18
5604,Нижний Новгород,2025-05-26
5605,Казань,2025-06-20
5606,Санкт-Петербург,2025-10-30
5607,Ростов-на-Дону,2025-01-13
5608,Самара,2025-06-19
5609,Москва,2025-10-04
5610,Екатеринбург,2025-04-22
5611,Нижний Новгород,2025-06-05
5612,Казань,2026-06-21
5613,Воронеж,2025-06-07
5614,Новосибирск,2026-05-07
5615,Москва,2026-05-21
5616,Москва,2026-01-03
5617,Самара,2025-03-25
5618,Воронеж,2025-04-23
5619,Москва,2026-05-25
5620,Москва,2025-01-01
5621,Нижний Новгород,2025-10-02
5622,Москва,2025-11-21
5623,Москва,2026-04-02
5624,Ростов-на-Дону,2026-05-03
5625,Самара,2025-06-04
5626,Ростов-на-Дону,2025-10-01
5627,Новосибирск,2025-12-12
5628,Санкт-Петербург,2026-06-11
5629,Ростов-на-Дону,2025-10-31
5630,Санкт-Петербург,2025-03-08
5631,Москва,2026-05-19
5632,Ростов-на-Дону,2025-10-07
5633,Новосибирск,2025-04-08
5634,Ростов-на-Дону,2025-04-14
5635,Москва,2025-04-22
5636,Уфа,2026-01-29
5637,Екатеринбург,2026-06-02
5638,Новосибирск,2025-08-29
5639,Уфа,2025-02-23
5640,Санкт-Петербург,2026-04-30
5641,Новосибирск,2025-12-12
5642,Екатеринбург,2025-11-08
5643,Нижний Новгород,2025-02-03
5644,Ростов-на-Дону,2026-06-13
5645,Новосибирск,2025-02-11
5646,Москва,2025-11-29
5647,Москва,2025-11-22
5648,Уфа,2025-10-08
5649,Воронеж,2025-10-28
5650,Воронеж,2025-08-05
5651,Москва,2025-11-09
5652,Санкт-Петербург,2025-07-18
5653,Нижний Новгород,2025-09-16
5654,Нижний Новгород,2026-01-05
5655,Москва,2026-02-09
5656,Екатеринбург,2025-03-25
5657,Москва,2026-06-25
5658,Казань,2025-02-22
5659,Москва,2025-05-31
5660,Москва,2025-07-09
5661,Москва,2025-06-26
5662,Уфа,2025-07-11
5663,Нижний Новгород,2025-06-26
5664,Уфа,2025-08-26
5665,Казань,2026-02-20
5666,Санкт-Петербург,2026-03-27
5667,Санкт-Петербург,2025-07-09
5668,Екатеринбург,2025-05-21
5669,Санкт-Петербург,2026-01-04
5670,Нижний Новгород,2025-02-02
5671,Самара,2025-09-01
5672,Ростов-на-Дону,2025-04-30
5673,Москва,2025-11-28
5674,Казань,2025-02-12
5675,Москва,2026-03-28
5676,Москва,2025-05-28
5677,Новосибирск,2025-10-08
5678,Казань,2025-11-08
5679,Новосибирск,2025-09-16
5680,Москва,2025-09-02
5681,Воронеж,2025-05-26
5682,Воронеж,2026-02-26
5683,Казань,2025-10-09
5684,Ростов-на-Дону,2025-04-28
5685,Москва,2025-05-24
5686,Нижний Новгород,2025-08-28
5687,Ростов-на-Дону,2026-04-05
5688,Самара,2026-06-08
5689,Самара,2025-07-31
5690,Казань,2025-08-04
5691,Самара,2025-03-12
5692,Новосибирск,2025-10-25
5693,Москва,2025-05-11
5694,Москва,2026-03-23
5695,Нижний Новгород,2025-10-19
5696,Екатеринбург,2025-05-01
5697,Казань,2026-05-15
5698,Ростов-на-Дону,2026-03-21
5699,Новосибирск,2025-06-13
5700,Санкт-Петербург,2025-03-07
5701,Санкт-Петербург,2025-05-25
5702,Екатеринбург,2025-07-25
5703,Нижний Новгород,2025-08-10
5704,Екатеринбург,2026-03-25
5705,Казань,2026-06-12
5706,Новосибирск,2026-02-12
5707,Новосибирск,2026-04-06
5708,Самара,2025-03-10
5709,Москва,2025-03-23
5710,Нижний Новгород,2026-05-10
5711,Казань,2025-12-01
5712,Москва,2025-05-09
5713,Новосибирск,2026-03-08
5714,Новосибирск,2025-04-06
5715,Казань,2026-02-23
5716,Нижний Новгород,2026-04-27
5717,Санкт-Петербург,2025-09-24
5718,Москва,2025-12-24
5719,Санкт-Петербург,2026-02-03
5720,Санкт-Петербург,2026-04-25
5721,Новосибирск,2025-11-15
5722,Самара,2025-06-09
5723,Новосибирск,2025-04-20
5724,Москва,2025-07-13
5725,Санкт-Петербург,2025-01-31
5726,Москва,2026-01-16
5727,Новосибирск,2025-07-21
5728,Москва,2026-01-23
5729,Казань,2025-02-03
5730,Нижний Новгород,2025-06-25
5731,Новосибирск,2025-08-04
5732,Санкт-Петербург,2025-02-17
5733,Санкт-Петербург,2026-03-28
5734,Новосибирск,2025-11-22
5735,Казань,2026-04-06
5736,Москва,2026-03-14
5737,Ростов-на-Дону,2025-01-19
5738,Казань,2026-04-17
5739,Казань,2025-02-07
5740,Москва,2026-04-20
5741,Санкт-Петербург,2026-01-01
5742,Санкт-Петербург,2026-03-23
5743,Москва,2025-09-30
5744,Екатеринбург,2025-03-29
5745,Казань,2025-03-23
5746,Ростов-на-Дону,2025-03-06
5747,Уфа,2026-03-16
5748,Москва,2025-10-18
5749,Москва,2025-04-28
5750,Нижний Новгород,2025-03-10
5751,Воронеж,2025-02-12
5752,Ростов-на-Дону,2025-05-21
5753,Москва,2026-02-13
5754,Москва,2026-05-02
5755,Москва,2025-11-28
5756,Самара,2026-06-27
5757,Екатеринбург,2025-08-03
5758,Казань,2025-07-01
5759,Казань,2026-01-13
5760,Москва,2025-03-15
5761,Екатеринбург,2026-05-12
5762,Москва,2026-03-02
5763,Екатеринбург,2025-01-19
5764,Нижний Новгород,2025-04-13
5765,Новосибирск,2025-12-09
5766,Санкт-Петербург,2026-02-07
5767,Самара,2025-04-29
5768,Новосибирск,2026-02-12
5769,Москва,2025-09-16
5770,Москва,2026-01-04
5771,Екатеринбург,2025-08-20
5772,Санкт-Петербург,2025-09-05
5773,Москва,2025-08-01
5774,Москва,2025-03-27
5775,Москва,2025-04-14
5776,Казань,2025-04-02
5777,Екатеринбург,2026-03-14
5778,Москва,2025-08-19
5779,Новосибирск,2025-07-26
5780,Санкт-Петербург,2026-04-12
5781,Санкт-Петербург,2026-04-29
5782,Москва,2025-05-08
5783,Нижний Новгород,2025-07-13
5784,Уфа,2025-08-13
5785,Казань,2026-04-03
5786,Москва,2026-01-02
5787,Москва,2025-10-24
5788,Москва,2025-05-09
5789,Самара,2025-07-30
5790,Москва,2025-01-16
5791,Воронеж,2026-01-19
5792,Екатеринбург,2026-05-16
5793,Казань,2026-03-05
5794,Самара,2025-06-18
5795,Москва,2025-09-21
5796,Нижний Новгород,2026-06-06
5797,Москва,2025-08-20
5798,Самара,2026-04-03
5799,Казань,2025-11-11
5800,Москва,2025-09-29
5801,Самара,2025-11-15
5802,Москва,2025-05-02
5803,Москва,2025-08-20
5804,Нижний Новгород,2025-06-15
5805,Казань,2026-02-17
5806,Ростов-на-Дону,2025-11-30
5807,Екатеринбург,2025-08-06
5808,Екатеринбург,2026-03-25
5809,Санкт-Петербург,2025-09-04
5810,Москва,2026-06-04
5811,Воронеж,2025-11-26
5812,Москва,2026-04-28
5813,Казань,2026-06-22
5814,Москва,2025-06-28
5815,Москва,2025-05-23
5816,Екатеринбург,2026-04-01
5817,Нижний Новгород,2025-05-07
5818,Нижний Новгород,2026-02-14
5819,Ростов-на-Дону,2025-04-07
5820,Санкт-Петербург,2026-04-20
5821,Казань,2026-01-11
5822,Москва,2025-10-11
5823,Нижний Новгород,2025-09-02
5824,Санкт-Петербург,2025-12-14
5825,Екатеринбург,2025-07-31
5826,Москва,2025-08-05
5827,Самара,2025-04-22
5828,Самара,2025-03-28
5829,Ростов-на-Дону,2026-05-01
5830,Москва,2026-02-13
5831,Воронеж,2025-08-30
5832,Москва,2026-03-30
5833,Санкт-Петербург,2025-11-28
5834,Москва,2025-11-23
5835,Москва,2025-03-03
5836,Казань,2025-10-21
5837,Москва,2025-02-28
5838,Санкт-Петербург,2026-01-08
5839,Новосибирск,2025-02-06
5840,Самара,2025-10-08
5841,Новосибирск,2025-07-20
5842,Екатеринбург,2025-03-13
5843,Москва,2025-09-15
5844,Самара,2025-04-20
5845,Москва,2025-05-14
5846,Москва,2026-04-30
5847,Москва,2025-07-10
5848,Новосибирск,2025-08-09
5849,Санкт-Петербург,2025-01-04
5850,Новосибирск,2025-06-13
5851,Санкт-Петербург,2025-07-11
5852,Санкт-Петербург,2026-01-27
5853,Санкт-Петербург,2025-03-06
5854,Москва,2026-05-22
5855,Санкт-Петербург,2025-03-11
5856,Екатеринбург,2025-12-22
5857,Казань,2025-01-03
5858,Москва,2026-03-23
5859,Новосибирск,2026-01-15
5860,Санкт-Петербург,2026-04-02
5861,Москва,2026-05-23
5862,Москва,2026-03-31
5863,Казань,2025-12-05
5864,Санкт-Петербург,2026-04-02
5865,Новосибирск,2025-02-22
5866,Москва,2025-12-18
5867,Нижний Новгород,2026-06-24
5868,Санкт-Петербург,2025-07-25
5869,Екатеринбург,2026-06-16
5870,Нижний Новгород,2025-10-04
5871,Санкт-Петербург,2025-09-13
5872,Москва,2025-06-13
5873,Казань,2025-02-28
5874,Воронеж,2026-04-23
5875,Воронеж,2026-01-28
5876,Москва,2025-08-07
5877,Нижний Новгород,2026-06-09
5878,Санкт-Петербург,2025-04-11
5879,Москва,2026-03-01
5880,Новосибирск,2025-09-04
5881,Казань,2025-12-07
5882,Казань,2025-01-21
5883,Самара,2025-11-29
5884,Санкт-Петербург,2026-01-06
5885,Новосибирск,2026-06-17
5886,Санкт-Петербург,2025-07-08
5887,Москва,2025-02-09
5888,Санкт-Петербург,2025-02-03
5889,Уфа,2025-03-23
5890,Казань,2025-06-13
5891,Москва,2026-03-29
5892,Новосибирск,2025-04-17
5893,Воронеж,2025-03-21
5894,Ростов-на-Дону,2025-01-18
5895,Екатеринбург,2025-07-28
5896,Санкт-Петербург,2025-11-25
5897,Екатеринбург,2025-06-03
5898,Самара,2025-09-28
5899,Ростов-на-Дону,2025-05-13
5900,Самара,2026-03-13
5901,Санкт-Петербург,2025-01-15
5902,Москва,2025-04-20
5903,Екатеринбург,2025-11-05
5904,Москва,2026-04-05
5905,Москва,2025-08-07
5906,Казань,2025-02-07
5907,Новосибирск,2025-10-28
5908,Самара,2025-05-28
5909,Нижний Новгород,2025-06-15
5910,Самара,2026-05-18
5911,Нижний Новгород,2026-05-29
5912,Новосибирск,2025-05-22
5913,Москва,2025-11-19
5914,Екатеринбург,2025-10-22
5915,Москва,2026-06-08
5916,Москва,2026-05-31
5917,Москва,2025-07-10
5918,Самара,2025-01-14
5919,Нижний Новгород,2025-01-02
5920,Уфа,2025-01-03
5921,Воронеж,2026-03-02
5922,Ростов-на-Дону,2026-02-08
5923,Москва,2026-03-27
5924,Ростов-на-Дону,2025-03-18
5925,Самара,2025-02-01
5926,Ростов-на-Дону,2025-04-03
5927,Москва,2025-12-07
5928,Москва,2025-01-05
5929,Уфа,2025-12-27
5930,Москва,2026-04-30
5931,Санкт-Петербург,2025-03-21
5932,Санкт-Петербург,2026-02-07
5933,Москва,2025-10-29
5934,Москва,2026-05-30
5935,Воронеж,2025-05-13
5936,Ростов-на-Дону,2025-05-04
5937,Уфа,2025-01-09
5938,Санкт-Петербург,2026-01-20
5939,Москва,2026-04-18
5940,Санкт-Петербург,2025-01-11
5941,Санкт-Петербург,2025-09-25
5942,Москва,2026-01-30
5943,Нижний Новгород,2026-03-03
5944,Воронеж,2026-05-23
5945,Казань,2026-01-29
5946,Санкт-Петербург,2026-05-17
5947,Санкт-Петербург,2026-06-26
5948,Москва,2026-05-21
5949,Москва,2025-08-27
5950,Казань,2025-08-10
5951,Санкт-Петербург,2025-08-22
5952,Казань,2026-06-03
5953,Самара,2025-06-03
5954,Москва,2026-02-15
5955,Москва,2025-12-07
5956,Москва,2025-02-03
5957,Москва,2025-09-22
5958,Екатеринбург,2025-04-17
5959,Самара,2026-02-02
5960,Ростов-на-Дону,2025-09-01
5961,Екатеринбург,2025-07-14
5962,Санкт-Петербург,2025-02-05
5963,Москва,2025-03-13
5964,Санкт-Петербург,2026-02-21
5965,Санкт-Петербург,2026-04-16
5966,Ростов-на-Дону,2025-06-08
5967,Казань,2026-03-28
5968,Москва,2025-10-28
5969,Санкт-Петербург,2025-07-11
5970,Москва,2025-09-04
5971,Уфа,2026-01-12
5972,Москва,2026-05-11
5973,Москва,2025-09-26
5974,Москва,2025-07-08
5975,Самара,2026-02-19
5976,Казань,2025-10-14
5977,Екатеринбург,2025-08-01
5978,Санкт-Петербург,2025-09-08
5979,Москва,2025-10-19
5980,Самара,2025-03-18
5981,Москва,2025-02-01
5982,Москва,2025-12-29
5983,Екатеринбург,2025-04-06
5984,Москва,2025-10-17
5985,Москва,2026-03-03
5986,Самара,2025-04-28
5987,Казань,2025-07-27
5988,Москва,2026-06-18
5989,Санкт-Петербург,2025-01-20
5990,Новосибирск,2026-02-16
5991,Москва,2025-04-02
5992,Москва,2026-05-09
5993,Екатеринбург,2025-08-13
5994,Екатеринбург,2025-01-04
5995,Воронеж,2026-01-27
5996,Санкт-Петербург,2025-03-22
5997,Москва,2025-07-18
5998,Казань,2025-10-01
5999,Екатеринбург,2026-02-11
6000,Москва,2025-08-17
6001,Казань,2026-04-13
6002,Москва,2025-09-20
6003,Самара,2025-07-05
6004,Самара,2025-07-03
6005,Санкт-Петербург,2026-03-13
6006,Воронеж,2025-12-29
6007,Воронеж,2025-03-11
6008,Москва,2026-02-13
6009,Санкт-Петербург,2025-08-15
6010,Екатеринбург,2025-07-10
6011,Москва,2025-02-23
6012,Санкт-Петербург,2026-06-29
6013,Москва,2025-01-29
6014,Уфа,2026-06-28
6015,Санкт-Петербург,2025-02-05
6016,Нижний Новгород,2025-10-03
6017,Санкт-Петербург,2025-02-27
6018,Москва,2025-09-26
6019,Ростов-на-Дону,2026-04-01
6020,Москва,2025-11-18
6021,Москва,2025-10-24
6022,Санкт-Петербург,2025-03-06
6023,Новосибирск,2026-06-01
6024,Санкт-Петербург,2025-07-24
6025,Москва,2025-10-21
6026,Санкт-Петербург,2026-05-05
6027,Москва,2025-12-09
6028,Москва,2026-02-05
6029,Казань,2025-04-11
6030,Москва,2025-09-08
6031,Санкт-Петербург,2025-10-22
6032,Екатеринбург,2025-04-06
6033,Новосибирск,2025-07-29
6034,Москва,2026-03-30
6035,Санкт-Петербург,2026-05-23
6036,Москва,2026-03-25
6037,Уфа,2026-05-24
6038,Москва,2026-06-29
6039,Москва,2025-04-19
6040,Санкт-Петербург,2026-04-12
6041,Москва,2025-12-04
6042,Москва,2026-04-14
6043,Москва,2025-12-14
6044,Екатеринбург,2025-03-10
6045,Екатеринбург,2025-11-03
6046,Новосибирск,2026-02-19
6047,Нижний Новгород,2025-03-09
6048,Санкт-Петербург,2025-10-02
6049,Уфа,2025-12-23
6050,Нижний Новгород,2025-09-11
6051,Самара,2026-03-12
6052,Новосибирск,2025-03-11
6053,Санкт-Петербург,2025-07-08
6054,Санкт-Петербург,2026-06-03
6055,Санкт-Петербург,2025-10-08
6056,Москва,2025-04-09
6057,Санкт-Петербург,2025-03-05
6058,Москва,2025-11-20
6059,Москва,2026-05-23
6060,Уфа,2025-01-27
6061,Новосибирск,2025-03-01
6062,Екатеринбург,2025-07-24
6063,Санкт-Петербург,2025-04-24
6064,Екатеринбург,2025-03-07
6065,Ростов-на-Дону,2025-06-12
6066,Новосибирск,2025-12-17
6067,Екатеринбург,2026-03-27
6068,Казань,2025-06-16
6069,Санкт-Петербург,2026-01-17
6070,Новосибирск,2026-03-25
6071,Воронеж,2025-01-04
6072,Санкт-Петербург,2026-04-10
6073,Санкт-Петербург,2025-04-11
6074,Санкт-Петербург,2026-01-09
6075,Санкт-Петербург,2026-02-13
6076,Воронеж,2026-04-06
6077,Новосибирск,2025-08-09
6078,Санкт-Петербург,2025-12-26
6079,Санкт-Петербург,2025-01-15
6080,Санкт-Петербург,2025-09-01
6081,Москва,2026-06-10
6082,Казань,2025-03-28
6083,Самара,2025-03-24
6084,Новосибирск,2026-01-17
6085,Москва,2025-10-06
6086,Новосибирск,2025-09-05
6087,Новосибирск,2025-05-16
6088,Москва,2025-04-04
6089,Екатеринбург,2026-02-06
6090,Екатеринбург,2025-07-14
6091,Самара,2026-02-28
6092,Москва,2025-08-30
6093,Москва,2025-08-05
6094,Казань,2025-05-06
6095,Москва,2025-12-25
6096,Санкт-Петербург,2025-06-05
6097,Нижний Новгород,2026-05-11
6098,Москва,2025-08-11
6099,Санкт-Петербург,2026-03-21
6100,Воронеж,2025-09-14
6101,Казань,2025-08-15
6102,Казань,2025-09-04
6103,Казань,2025-08-29
6104,Москва,2025-09-19
6105,Москва,2026-04-29
6106,Новосибирск,2026-01-19
6107,Санкт-Петербург,2025-01-19
6108,Санкт-Петербург,2025-02-01
6109,Москва,2025-01-13
6110,Самара,2026-01-12
6111,Москва,2025-04-23
6112,Нижний Новгород,2025-07-29
6113,Санкт-Петербург,2025-03-13
6114,Екатеринбург,2025-03-25
6115,Москва,2025-02-13
6116,Москва,2025-06-05
6117,Казань,2025-02-18
6118,Новосибирск,2025-12-09
6119,Москва,2026-02-06
6120,Санкт-Петербург,2025-04-11
6121,Санкт-Петербург,2025-10-13
6122,Москва,2025-06-15
6123,Екатеринбург,2025-02-13
6124,Москва,2025-09-12
6125,Казань,2026-01-16
6126,Москва,2025-05-05
6127,Казань,2026-03-06
6128,Санкт-Петербург,2026-06-25
6129,Санкт-Петербург,2025-01-31
6130,Санкт-Петербург,2025-03-31
6131,Ростов-на-Дону,2025-06-07
6132,Казань,2026-04-09
6133,Самара,2025-03-19
6134,Москва,2025-09-14
6135,Санкт-Петербург,2025-10-20
6136,Москва,2025-03-12
6137,Санкт-Петербург,2025-01-23
6138,Новосибирск,2025-03-06
6139,Самара,2025-01-31
6140,Екатеринбург,2025-09-30
6141,Екатеринбург,2026-05-26
6142,Москва,2025-07-12
6143,Москва,2025-05-20
6144,Нижний Новгород,2025-05-08
6145,Москва,2026-06-19
6146,Москва,2026-06-07
6147,Уфа,2025-12-20
6148,Воронеж,2025-09-10
6149,Екатеринбург,2025-03-29
6150,Санкт-Петербург,2026-05-22
6151,Самара,2025-01-01
6152,Москва,2025-03-31
6153,Санкт-Петербург,2026-01-05
6154,Санкт-Петербург,2025-04-10
6155,Уфа,2025-02-28
6156,Уфа,2025-11-21
6157,Новосибирск,2025-01-15
6158,Москва,2025-05-28
6159,Казань,2025-12-17
6160,Москва,2025-04-11
6161,Ростов-на-Дону,2026-02-18
6162,Москва,2025-02-21
6163,Москва,2025-12-01
6164,Новосибирск,2025-02-11
6165,Санкт-Петербург,2026-02-03
6166,Самара,2026-02-15
6167,Москва,2026-03-10
6168,Самара,2025-06-03
6169,Москва,2025-05-09
6170,Москва,2026-06-18
6171,Казань,2026-02-02
6172,Москва,2025-04-10
6173,Екатеринбург,2025-01-16
6174,Москва,2025-07-13
6175,Москва,2025-12-29
6176,Новосибирск,2025-07-24
6177,Москва,2026-03-17
6178,Новосибирск,2025-09-30
6179,Нижний Новгород,2026-06-25
6180,Москва,2026-04-20
6181,Нижний Новгород,2025-09-14
6182,Москва,2026-03-31
6183,Санкт-Петербург,2025-09-02
6184,Москва,2025-01-06
6185,Самара,2025-06-17
6186,Екатеринбург,2025-08-12
6187,Казань,2026-06-17
6188,Воронеж,2026-03-28
6189,Санкт-Петербург,2025-03-21
6190,Ростов-на-Дону,2025-01-01
6191,Новосибирск,2025-10-16
6192,Уфа,2025-10-18
6193,Ростов-на-Дону,2026-02-05
6194,Воронеж,2025-05-22
6195,Москва,2026-03-19
6196,Нижний Новгород,2025-08-13
6197,Самара,2025-07-02
6198,Екатеринбург,2025-08-18
6199,Москва,2026-05-30
6200,Воронеж,2025-08-02
6201,Москва,2025-11-02
6202,Казань,2026-05-02
6203,Казань,2025-01-10
6204,Москва,2025-10-20
6205,Новосибирск,2026-01-22
6206,Москва,2026-05-08
6207,Новосибирск,2025-02-03
6208,Самара,2026-02-01
6209,Санкт-Петербург,2026-03-14
6210,Новосибирск,2025-07-11
6211,Москва,2026-02-11
6212,Самара,2025-09-26
6213,Уфа,2025-12-25
6214,Москва,2025-08-01
6215,Новосибирск,2025-04-07
6216,Казань,2026-03-28
6217,Казань,2025-04-28
6218,Новосибирск,2025-04-13
6219,Казань,2026-04-28
6220,Екатеринбург,2026-05-26
6221,Москва,2025-11-29
6222,Санкт-Петербург,2025-11-13
6223,Ростов-на-Дону,2025-07-16
6224,Москва,2025-11-30
6225,Екатеринбург,2025-11-29
6226,Москва,2025-10-09
6227,Самара,2025-12-24
6228,Екатеринбург,2025-10-30
6229,Санкт-Петербург,2026-04-25
6230,Москва,2025-12-30
6231,Санкт-Петербург,2025-07-29
6232,Уфа,2025-12-23
6233,Казань,2025-05-06
6234,Казань,2025-04-27
6235,Нижний Новгород,2026-03-27
6236,Санкт-Петербург,2025-11-14
6237,Санкт-Петербург,2025-01-30
6238,Санкт-Петербург,2025-07-13
6239,Москва,2026-06-21
6240,Новосибирск,2025-12-14
6241,Ростов-на-Дону,2026-04-19
6242,Ростов-на-Дону,2025-10-26
6243,Ростов-на-Дону,2025-01-24
6244,Санкт-Петербург,2025-04-08
6245,Санкт-Петербург,2025-02-20
6246,Екатеринбург,2026-02-05
6247,Уфа,2026-02-17
6248,Новосибирск,2025-09-07
6249,Казань,2026-01-30
6250,Новосибирск,2025-10-28
6251,Нижний Новгород,2026-02-08
6252,Уфа,2026-01-02
6253,Нижний Новгород,2025-09-06
6254,Санкт-Петербург,2025-12-22
6255,Москва,2025-06-23
6256,Казань,2026-02-13
6257,Санкт-Петербург,2026-05-13
6258,Уфа,2025-04-23
6259,Казань,2025-12-30
6260,Казань,2025-03-02
6261,Санкт-Петербург,2025-07-25
6262,Екатеринбург,2025-12-31
6263,Казань,2025-06-01
6264,Москва,2025-05-09
6265,Ростов-на-Дону,2025-07-29
6266,Санкт-Петербург,2025-03-04
6267,Санкт-Петербург,2025-12-07
6268,Москва,2025-03-13
6269,Казань,2025-07-01
6270,Новосибирск,2025-06-20
6271,Ростов-на-Дону,2026-06-12
6272,Москва,2026-06-25
6273,Воронеж,2025-02-13
6274,Новосибирск,2025-03-27
6275,Санкт-Петербург,2026-02-04
6276,Москва,2025-06-12
6277,Санкт-Петербург,2025-12-18
6278,Ростов-на-Дону,2026-05-17
6279,Санкт-Петербург,2025-03-30
6280,Казань,2026-06-10
6281,Новосибирск,2025-01-29
6282,Ростов-на-Дону,2025-05-05
6283,Новосибирск,2025-10-04
6284,Нижний Новгород,2026-04-25
6285,Москва,2025-10-29
6286,Ростов-на-Дону,2025-03-17
6287,Москва,2025-05-16
6288,Москва,2026-02-20
6289,Воронеж,2025-11-03
6290,Москва,2025-01-08
6291,Москва,2025-10-01
6292,Екатеринбург,2025-08-10
6293,Санкт-Петербург,2025-01-01
6294,Москва,2025-05-15
6295,Екатеринбург,2026-05-25
6296,Нижний Новгород,2026-01-19
6297,Нижний Новгород,2025-02-08
6298,Москва,2025-01-09
6299,Казань,2025-07-08
6300,Самара,2025-09-11
6301,Москва,2025-09-05
6302,Москва,2026-01-15
6303,Москва,2025-04-05
6304,Казань,2025-01-26
6305,Москва,2026-01-02
6306,Новосибирск,2026-05-05
6307,Воронеж,2025-04-02
6308,Москва,2025-07-16
6309,Екатеринбург,2025-12-08
6310,Москва,2025-04-01
6311,Москва,2026-04-14
6312,Нижний Новгород,2025-05-03
6313,Санкт-Петербург,2025-10-18
6314,Уфа,2025-07-04
6315,Казань,2025-12-30
6316,Москва,2025-04-19
6317,Санкт-Петербург,2025-02-23
6318,Москва,2025-10-06
6319,Ростов-на-Дону,2026-04-17
6320,Новосибирск,2025-12-11
6321,Санкт-Петербург,2026-02-16
6322,Казань,2025-08-25
6323,Новосибирск,2025-03-18
6324,Нижний Новгород,2025-08-21
6325,Москва,2026-06-23
6326,Москва,2026-03-03
6327,Москва,2026-01-19
6328,Санкт-Петербург,2025-06-14
6329,Казань,2025-11-23
6330,Москва,2025-12-06
6331,Санкт-Петербург,2025-12-23
6332,Санкт-Петербург,2026-05-02
6333,Москва,2026-01-07
6334,Уфа,2025-05-01
6335,Екатеринбург,2025-05-01
6336,Санкт-Петербург,2025-12-04
6337,Казань,2026-04-18
6338,Санкт-Петербург,2026-06-01
6339,Самара,2025-11-29
6340,Екатеринбург,2025-10-16
6341,Казань,2026-03-21
6342,Уфа,2026-06-17
6343,Самара,2025-01-16
6344,Самара,2025-06-18
6345,Москва,2025-07-01
6346,Москва,2025-11-04
6347,Новосибирск,2025-06-10
6348,Казань,2025-06-19
6349,Новосибирск,2025-01-14
6350,Нижний Новгород,2025-01-03
6351,Санкт-Петербург,2025-09-03
6352,Санкт-Петербург,2026-06-28
6353,Казань,2025-06-11
6354,Москва,2025-05-11
6355,Новосибирск,2025-05-25
6356,Нижний Новгород,2026-06-15
6357,Казань,2025-12-28
6358,Новосибирск,2025-12-22
6359,Казань,2025-04-14
6360,Новосибирск,2026-05-08
6361,Москва,2025-04-18
6362,Нижний Новгород,2026-06-12
6363,Новосибирск,2026-06-04
6364,Москва,2025-11-06
6365,Казань,2026-04-19
6366,Самара,2026-06-29
6367,Москва,2025-11-13
6368,Нижний Новгород,2026-02-23
6369,Уфа,2025-11-18
6370,Ростов-на-Дону,2025-10-13
6371,Санкт-Петербург,2025-07-02
6372,Екатеринбург,2025-12-23
6373,Воронеж,2025-05-26
6374,Екатеринбург,2025-04-16
6375,Москва,2025-05-31
6376,Москва,2025-01-07
6377,Нижний Новгород,2026-05-24
6378,Санкт-Петербург,2025-05-20
6379,Москва,2026-03-12
6380,Санкт-Петербург,2025-08-26
6381,Нижний Новгород,2025-07-04
6382,Казань,2025-05-05
6383,Ростов-на-Дону,2026-03-24
6384,Нижний Новгород,2025-10-08
6385,Воронеж,2025-09-03
6386,Ростов-на-Дону,2025-12-25
6387,Москва,2026-03-14
6388,Новосибирск,2025-12-24
6389,Москва,2025-09-12
6390,Воронеж,2026-05-03
6391,Москва,2026-05-04
6392,Новосибирск,2026-06-11
6393,Самара,2025-02-19
6394,Москва,2026-05-01
6395,Самара,2025-04-16
6396,Москва,2025-12-04
6397,Санкт-Петербург,2025-12-25
6398,Казань,2025-04-23
6399,Санкт-Петербург,2025-01-05
6400,Екатеринбург,2026-05-30
6401,Уфа,2026-05-01
6402,Санкт-Петербург,2025-04-06
6403,Екатеринбург,2025-11-24
6404,Ростов-на-Дону,2025-03-24
6405,Нижний Новгород,2025-11-05
6406,Москва,2025-06-23
6407,Уфа,2026-02-14
6408,Москва,2025-11-09
6409,Екатеринбург,2025-09-29
6410,Екатеринбург,2026-01-07
6411,Нижний Новгород,2025-09-17
6412,Москва,2025-01-08
6413,Москва,2025-11-21
6414,Нижний Новгород,2026-03-01
6415,Москва,2025-09-25
6416,Казань,2025-04-06
6417,Нижний Новгород,2025-01-05
6418,Новосибирск,2025-06-11
6419,Москва,2026-02-23
6420,Санкт-Петербург,2025-06-25
6421,Воронеж,2026-06-06
6422,Санкт-Петербург,2025-07-01
6423,Москва,2025-08-22
6424,Москва,2026-02-19
6425,Санкт-Петербург,2025-12-01
6426,Воронеж,2025-01-23
6427,Санкт-Петербург,2025-02-11
6428,Москва,2025-04-18
6429,Казань,2026-04-21
6430,Москва,2025-01-13
6431,Москва,2025-02-09
6432,Воронеж,2026-03-01
6433,Новосибирск,2025-12-06
6434,Москва,2026-06-21
6435,Санкт-Петербург,2025-04-30
6436,Москва,2025-12-26
6437,Москва,2025-03-15
6438,Екатеринбург,2025-11-18
6439,Казань,2025-02-27
6440,Нижний Новгород,2026-05-10
6441,Ростов-на-Дону,2025-08-15
6442,Москва,2025-05-19
6443,Уфа,2026-06-21
6444,Казань,2025-02-06
6445,Москва,2026-03-12
6446,Самара,2025-10-05
6447,Москва,2026-01-10
6448,Казань,2025-05-22
6449,Новосибирск,2026-04-26
6450,Москва,2025-09-03
6451,Ростов-на-Дону,2025-08-17
6452,Москва,2025-09-06
6453,Самара,2025-06-11
6454,Москва,2025-06-23
6455,Москва,2025-03-18
6456,Санкт-Петербург,2025-09-23
6457,Самара,2025-09-16
6458,Москва,2025-07-27
6459,Ростов-на-Дону,2026-06-22
6460,Москва,2025-03-03
6461,Санкт-Петербург,2026-05-12
6462,Санкт-Петербург,2026-04-18
6463,Москва,2025-01-13
6464,Уфа,2026-01-18
6465,Санкт-Петербург,2025-04-25
6466,Новосибирск,2025-01-23
6467,Екатеринбург,2026-04-15
6468,Казань,2025-03-05
6469,Екатеринбург,2025-06-12
6470,Ростов-на-Дону,2025-02-22
6471,Новосибирск,2025-03-19
6472,Казань,2025-02-03
6473,Екатеринбург,2026-04-05
6474,Екатеринбург,2025-02-02
6475,Санкт-Петербург,2026-02-18
6476,Екатеринбург,2025-03-27
6477,Санкт-Петербург,2026-05-14
6478,Нижний Новгород,2026-04-08
6479,Воронеж,2025-12-10
6480,Уфа,2026-03-28
6481,Самара,2025-06-12
6482,Екатеринбург,2026-03-03
6483,Нижний Новгород,2025-05-01
6484,Москва,2025-12-02
6485,Казань,2026-05-17
6486,Москва,2026-01-30
6487,Москва,2025-05-27
6488,Воронеж,2026-02-07
6489,Ростов-на-Дону,2026-04-27
6490,Казань,2026-04-30
6491,Москва,2026-02-07
6492,Новосибирск,2026-02-04
6493,Санкт-Петербург,2026-03-04
6494,Самара,2026-02-06
6495,Воронеж,2025-03-14
6496,Санкт-Петербург,2026-03-15
6497,Москва,2025-04-09
6498,Москва,2025-10-31
6499,Москва,2025-07-05
6500,Санкт-Петербург,2025-04-27
6501,Москва,2025-06-03
6502,Москва,2025-02-16
6503,Москва,2025-08-28
6504,Москва,2025-08-17
6505,Нижний Новгород,2025-08-08
6506,Москва,2025-02-19
6507,Ростов-на-Дону,2025-11-27
6508,Москва,2025-04-03
6509,Москва,2026-04-12
6510,Москва,2025-01-13
6511,Новосибирск,2025-01-31
6512,Москва,2025-06-13
6513,Казань,2025-08-11
6514,Москва,2026-06-13
6515,Воронеж,2025-10-14
6516,Москва,2025-07-26
6517,Санкт-Петербург,2026-04-02
6518,Самара,2025-05-12
6519,Москва,2026-05-04
6520,Москва,2025-08-08
6521,Самара,2025-06-20
6522,Москва,2025-06-14
6523,Москва,2025-01-06
6524,Санкт-Петербург,2026-01-03
6525,Москва,2025-11-11
6526,Ростов-на-Дону,2025-12-12
6527,Екатеринбург,2025-12-22
6528,Екатеринбург,2025-01-15
6529,Москва,2026-04-24
6530,Новосибирск,2025-10-06
6531,Новосибирск,2026-01-12
6532,Москва,2025-01-20
6533,Ростов-на-Дону,2026-02-19
6534,Екатеринбург,2026-01-05
6535,Нижний Новгород,2025-07-20
6536,Москва,2026-05-26
6537,Москва,2025-12-21
6538,Новосибирск,2026-05-10
6539,Нижний Новгород,2026-03-24
6540,Санкт-Петербург,2025-04-23
6541,Москва,2026-06-28
6542,Самара,2026-02-09
6543,Москва,2025-04-14
6544,Санкт-Петербург,2026-03-09
6545,Екатеринбург,2025-08-22
6546,Москва,2026-04-17
6547,Москва,2025-04-05
6548,Москва,2025-05-22
6549,Уфа,2025-07-09
6550,Санкт-Петербург,2025-09-03
6551,Новосибирск,2025-12-11
6552,Воронеж,2025-05-01
6553,Новосибирск,2026-01-20
6554,Казань,2025-01-14
6555,Казань,2025-06-30
6556,Санкт-Петербург,2025-12-26
6557,Екатеринбург,2025-05-25
6558,Уфа,2025-08-24
6559,Нижний Новгород,2025-11-27
6560,Санкт-Петербург,2025-05-16
6561,Санкт-Петербург,2026-06-10
6562,Ростов-на-Дону,2026-04-07
6563,Москва,2026-06-14
6564,Самара,2025-09-28
6565,Москва,2025-07-07
6566,Новосибирск,2026-06-27
6567,Самара,2026-02-02
6568,Казань,2026-03-09
6569,Москва,2025-04-10
6570,Самара,2026-04-19
6571,Санкт-Петербург,2025-10-15
6572,Санкт-Петербург,2026-02-26
6573,Казань,2026-03-26
6574,Санкт-Петербург,2025-02-27
6575,Новосибирск,2025-02-23
6576,Москва,2025-02-05
6577,Санкт-Петербург,2025-12-17
6578,Ростов-на-Дону,2026-05-14
6579,Москва,2025-01-17
6580,Санкт-Петербург,2025-03-17
6581,Новосибирск,2025-09-22
6582,Ростов-на-Дону,2025-08-02
6583,Екатеринбург,2025-02-26
6584,Самара,2025-11-29
6585,Москва,2026-05-09
6586,Санкт-Петербург,2025-04-26
6587,Уфа,2025-01-02
6588,Ростов-на-Дону,2025-05-03
6589,Казань,2025-04-11
6590,Казань,2025-09-12
6591,Санкт-Петербург,2025-02-28
6592,Москва,2025-07-16
6593,Ростов-на-Дону,2025-03-07
6594,Самара,2026-01-04
6595,Санкт-Петербург,2025-09-13
6596,Москва,2025-02-10
6597,Санкт-Петербург,2025-01-24
6598,Москва,2025-09-24
6599,Новосибирск,2025-11-19
6600,Казань,2025-04-05
6601,Москва,2025-06-26
6602,Екатеринбург,2025-11-27
6603,Воронеж,2025-09-14
6604,Москва,2025-03-05
6605,Санкт-Петербург,2025-08-02
6606,Казань,2025-04-18
6607,Москва,2026-05-21
6608,Казань,2026-03-15
6609,Екатеринбург,2025-06-20
6610,Москва,2025-05-09
6611,Москва,2025-03-15
6612,Самара,2026-02-06
6613,Санкт-Петербург,2026-05-16
6614,Екатеринбург,2025-05-29
6615,Екатеринбург,2025-12-15
6616,Самара,2025-05-09
6617,Нижний Новгород,2026-05-15
6618,Самара,2025-06-13
6619,Екатеринбург,2025-02-22
6620,Санкт-Петербург,2026-04-26
6621,Санкт-Петербург,2026-05-31
6622,Санкт-Петербург,2025-08-05
6623,Санкт-Петербург,2026-05-10
6624,Москва,2025-05-13
6625,Санкт-Петербург,2025-05-28
6626,Санкт-Петербург,2025-10-20
6627,Москва,2025-11-24
6628,Москва,2025-07-30
6629,Нижний Новгород,2026-03-12
6630,Екатеринбург,2026-03-07
6631,Самара,2025-03-07
6632,Казань,2026-06-24
6633,Самара,2025-03-28
6634,Нижний Новгород,2025-10-14
6635,Москва,2025-08-19
6636,Воронеж,2025-09-04
6637,Москва,2025-03-12
6638,Екатеринбург,2025-07-06
6639,Нижний Новгород,2025-01-17
6640,Санкт-Петербург,2026-06-15
6641,Екатеринбург,2025-03-20
6642,Санкт-Петербург,2025-09-21
6643,Москва,2025-04-28
6644,Москва,2025-04-08
6645,Москва,2025-08-01
6646,Москва,2026-06-13
6647,Екатеринбург,2025-09-18
6648,Казань,2026-06-08
6649,Санкт-Петербург,2026-03-27
6650,Новосибирск,2025-08-26
6651,Москва,2026-05-07
6652,Москва,2025-07-09
6653,Нижний Новгород,2025-10-01
6654,Ростов-на-Дону,2026-01-06
6655,Санкт-Петербург,2025-11-18
6656,Москва,2026-03-28
6657,Нижний Новгород,2025-03-30
6658,Ростов-на-Дону,2025-09-29
6659,Санкт-Петербург,2025-12-29
6660,Москва,2025-06-30
6661,Москва,2026-04-18
6662,Екатеринбург,2025-06-14
6663,Ростов-на-Дону,2025-06-14
6664,Новосибирск,2025-06-27
6665,Санкт-Петербург,2026-01-04
6666,Екатеринбург,2025-03-06
6667,Самара,2025-03-19
6668,Казань,2026-03-01
6669,Самара,2025-04-23
6670,Санкт-Петербург,2025-02-27
6671,Санкт-Петербург,2025-05-24
6672,Екатеринбург,2025-08-06
6673,Казань,2025-01-19
6674,Воронеж,2026-04-01
6675,Казань,2025-03-06
6676,Санкт-Петербург,2025-08-09
6677,Санкт-Петербург,2025-04-21
6678,Казань,2025-06-10
6679,Санкт-Петербург,2025-01-25
6680,Новосибирск,2026-06-01
6681,Санкт-Петербург,2026-05-26
6682,Санкт-Петербург,2025-03-10
6683,Екатеринбург,2025-04-18
6684,Москва,2026-04-28
6685,Новосибирск,2025-08-15
6686,Казань,2025-02-03
6687,Санкт-Петербург,2025-03-16
6688,Новосибирск,2025-08-14
6689,Нижний Новгород,2025-11-01
6690,Самара,2025-12-11
6691,Санкт-Петербург,2025-03-25
6692,Санкт-Петербург,2025-07-21
6693,Новосибирск,2025-05-23
6694,Екатеринбург,2025-10-19
6695,Екатеринбург,2025-06-25
6696,Казань,2025-04-22
6697,Нижний Новгород,2026-03-21
6698,Москва,2025-11-07
6699,Казань,2025-09-16
6700,Москва,2025-03-15
6701,Санкт-Петербург,2025-02-08
6702,Новосибирск,2026-03-10
6703,Казань,2026-06-12
6704,Санкт-Петербург,2025-11-15
6705,Ростов-на-Дону,2025-01-22
6706,Нижний Новгород,2025-09-20
6707,Казань,2025-06-02
6708,Уфа,2025-01-30
6709,Санкт-Петербург,2025-03-19
6710,Нижний Новгород,2025-09-30
6711,Москва,2025-08-21
6712,Санкт-Петербург,2025-11-04
6713,Санкт-Петербург,2026-01-13
6714,Москва,2025-05-25
6715,Казань,2025-06-06
6716,Москва,2026-01-05
6717,Екатеринбург,2025-04-18
6718,Москва,2025-02-11
6719,Москва,2026-04-11
6720,Воронеж,2025-04-24
6721,Новосибирск,2025-03-07
6722,Уфа,2026-02-06
6723,Казань,2025-10-17
6724,Москва,2025-03-22
6725,Екатеринбург,2026-04-09
6726,Казань,2025-05-14
6727,Москва,2026-01-04
6728,Ростов-на-Дону,2025-12-21
6729,Екатеринбург,2026-03-29
6730,Нижний Новгород,2026-02-02
6731,Казань,2026-01-19
6732,Екатеринбург,2025-01-29
6733,Москва,2026-05-27
6734,Воронеж,2025-03-10
6735,Санкт-Петербург,2025-05-19
6736,Москва,2025-09-01
6737,Москва,2025-06-07
6738,Екатеринбург,2025-11-20
6739,Воронеж,2025-01-29
6740,Ростов-на-Дону,2025-09-05
6741,Новосибирск,2025-07-10
6742,Воронеж,2025-12-19
6743,Новосибирск,2025-10-11
6744,Санкт-Петербург,2026-02-17
6745,Екатеринбург,2025-03-31
6746,Москва,2026-06-02
6747,Москва,2025-08-02
6748,Санкт-Петербург,2025-07-10
6749,Москва,2025-10-26
6750,Уфа,2025-03-30
6751,Воронеж,2026-03-20
6752,Санкт-Петербург,2025-05-24
6753,Новосибирск,2026-05-21
6754,Санкт-Петербург,2025-03-22
6755,Москва,2026-04-16
6756,Санкт-Петербург,2025-08-03
6757,Москва,2025-11-28
6758,Санкт-Петербург,2026-04-21
6759,Москва,2025-03-12
6760,Москва,2025-07-09
6761,Москва,2025-03-23
6762,Ростов-на-Дону,2025-02-26
6763,Москва,2025-10-12
6764,Санкт-Петербург,2025-01-14
6765,Казань,2026-06-25
6766,Санкт-Петербург,2026-05-08
6767,Казань,2025-04-13
6768,Москва,2025-04-05
6769,Екатеринбург,2026-02-28
6770,Екатеринбург,2025-10-11
6771,Новосибирск,2026-03-25
6772,Екатеринбург,2026-06-12
6773,Санкт-Петербург,2025-08-07
6774,Санкт-Петербург,2025-05-19
6775,Москва,2025-12-04
6776,Казань,2025-12-13
6777,Москва,2025-08-24
6778,Санкт-Петербург,2025-06-12
6779,Новосибирск,2025-05-23
6780,Москва,2025-10-12
6781,Москва,2025-08-21
6782,Новосибирск,2025-09-07
6783,Санкт-Петербург,2025-02-21
6784,Самара,2026-04-26
6785,Уфа,2026-01-21
6786,Уфа,2026-05-16
6787,Санкт-Петербург,2026-03-28
6788,Москва,2025-12-04
6789,Екатеринбург,2025-06-17
6790,Екатеринбург,2025-12-23
6791,Екатеринбург,2025-11-05
6792,Санкт-Петербург,2026-05-19
6793,Москва,2025-05-07
6794,Москва,2025-01-14
6795,Москва,2025-03-11
6796,Москва,2025-04-06
6797,Уфа,2025-12-28
6798,Москва,2025-03-21
6799,Екатеринбург,2025-03-15
6800,Уфа,2025-08-05
6801,Санкт-Петербург,2026-03-03
6802,Казань,2025-08-20
6803,Новосибирск,2025-05-29
6804,Санкт-Петербург,2025-06-05
6805,Казань,2026-03-23
6806,Самара,2025-08-25
6807,Нижний Новгород,2025-07-20
6808,Самара,2026-02-26
6809,Воронеж,2025-07-21
6810,Санкт-Петербург,2025-07-14
6811,Нижний Новгород,2026-02-14
6812,Екатеринбург,2025-06-28
6813,Новосибирск,2025-10-06
6814,Нижний Новгород,2025-12-29
6815,Нижний Новгород,2025-04-20
6816,Ростов-на-Дону,2025-03-11
6817,Санкт-Петербург,2026-04-09
6818,Новосибирск,2025-06-11
6819,Санкт-Петербург,2025-07-05
6820,Екатеринбург,2025-11-18
6821,Нижний Новгород,2025-02-26
6822,Нижний Новгород,2025-01-25
6823,Санкт-Петербург,2025-08-15
6824,Казань,2026-06-12
6825,Санкт-Петербург,2025-11-09
6826,Москва,2025-11-12
6827,Москва,2025-11-29
6828,Уфа,2026-04-15
6829,Санкт-Петербург,2026-04-01
6830,Воронеж,2025-01-14
6831,Москва,2025-10-23
6832,Новосибирск,2025-10-25
6833,Екатеринбург,2025-05-02
6834,Новосибирск,2026-06-16
6835,Екатеринбург,2025-05-23
6836,Новосибирск,2026-03-31
6837,Ростов-на-Дону,2025-02-24
6838,Екатеринбург,2025-11-24
6839,Москва,2026-02-06
6840,Москва,2025-10-02
6841,Новосибирск,2025-02-27
6842,Казань,2025-03-09
6843,Казань,2025-11-27
6844,Екатеринбург,2026-04-16
6845,Санкт-Петербург,2025-11-22
6846,Нижний Новгород,2025-02-24
6847,Новосибирск,2026-03-05
6848,Новосибирск,2025-09-08
6849,Новосибирск,2025-02-10
6850,Ростов-на-Дону,2025-07-20
6851,Екатеринбург,2025-04-21
6852,Воронеж,2026-06-22
6853,Москва,2026-05-11
6854,Екатеринбург,2025-02-27
6855,Новосибирск,2025-11-08
6856,Казань,2025-01-04
6857,Санкт-Петербург,2025-09-07
6858,Казань,2025-03-26
6859,Санкт-Петербург,2026-02-12
6860,Ростов-на-Дону,2025-02-09
6861,Санкт-Петербург,2026-05-07
6862,Москва,2025-05-06
6863,Екатеринбург,2025-05-24
6864,Санкт-Петербург,2026-04-28
6865,Москва,2026-05-07
6866,Екатеринбург,2025-02-22
6867,Казань,2025-03-01
6868,Москва,2026-04-11
6869,Екатеринбург,2026-06-17
6870,Екатеринбург,2025-09-24
6871,Нижний Новгород,2025-03-31
6872,Санкт-Петербург,2025-03-25
6873,Москва,2025-05-26
6874,Уфа,2026-01-09
6875,Екатеринбург,2025-02-22
6876,Москва,2025-12-16
6877,Самара,2026-03-15
6878,Москва,2025-03-20
6879,Нижний Новгород,2026-06-21
6880,Новосибирск,2026-06-23
6881,Воронеж,2025-06-11
6882,Воронеж,2025-03-03
6883,Москва,2025-06-27
6884,Нижний Новгород,2025-05-21
6885,Санкт-Петербург,2025-06-02
6886,Екатеринбург,2026-05-20
6887,Екатеринбург,2025-03-26
6888,Москва,2025-06-22
6889,Москва,2026-03-06
6890,Москва,2025-02-01
6891,Москва,2025-02-03
6892,Москва,2025-06-14
6893,Ростов-на-Дону,2026-06-12
6894,Казань,2026-04-03
6895,Нижний Новгород,2026-05-21
6896,Самара,2026-04-16
6897,Нижний Новгород,2025-03-06
6898,Санкт-Петербург,2025-08-07
6899,Ростов-на-Дону,2025-10-16
6900,Нижний Новгород,2025-04-01
6901,Нижний Новгород,2026-06-26
6902,Ростов-на-Дону,2025-11-25
6903,Екатеринбург,2026-04-10
6904,Казань,2025-05-21
6905,Ростов-на-Дону,2026-01-25
6906,Санкт-Петербург,2025-02-27
6907,Самара,2025-01-13
6908,Москва,2025-12-16
6909,Москва,2025-02-07
6910,Казань,2025-05-31
6911,Москва,2026-03-09
6912,Воронеж,2025-09-29
6913,Москва,2025-07-25
6914,Новосибирск,2025-06-08
6915,Москва,2025-12-31
6916,Воронеж,2026-06-05
6917,Санкт-Петербург,2026-02-07
6918,Москва,2025-07-15
6919,Москва,2025-08-19
6920,Казань,2025-02-26
6921,Воронеж,2025-03-20
6922,Воронеж,2025-05-27
6923,Санкт-Петербург,2025-07-30
6924,Казань,2026-06-24
6925,Москва,2026-04-20
6926,Казань,2025-03-03
6927,Екатеринбург,2025-06-30
6928,Москва,2025-01-31
6929,Екатеринбург,2025-02-04
6930,Ростов-на-Дону,2025-07-24
6931,Москва,2026-06-07
6932,Москва,2025-04-11
6933,Москва,2026-01-06
6934,Москва,2025-08-02
6935,Москва,2025-10-22
6936,Екатеринбург,2026-04-19
6937,Москва,2026-03-28
6938,Нижний Новгород,2026-03-28
6939,Ростов-на-Дону,2025-01-27
6940,Уфа,2026-06-21
6941,Новосибирск,2026-06-26
6942,Москва,2026-04-13
6943,Москва,2025-09-18
6944,Москва,2025-06-02
6945,Воронеж,2025-04-06
6946,Воронеж,2025-07-22
6947,Санкт-Петербург,2025-07-02
6948,Санкт-Петербург,2025-05-31
6949,Казань,2026-06-02
6950,Санкт-Петербург,2025-12-26
6951,Воронеж,2025-05-02
6952,Москва,2025-12-15
6953,Санкт-Петербург,2026-01-20
6954,Санкт-Петербург,2025-10-12
6955,Москва,2026-05-31
6956,Санкт-Петербург,2026-06-11
6957,Самара,2025-08-24
6958,Москва,2025-09-15
6959,Екатеринбург,2025-04-29
6960,Санкт-Петербург,2026-03-04
6961,Москва,2026-05-23
6962,Москва,2025-12-25
6963,Москва,2025-04-20
6964,Москва,2025-10-10
6965,Санкт-Петербург,2026-03-10
6966,Самара,2025-01-23
6967,Новосибирск,2025-11-18
6968,Уфа,2025-12-25
6969,Санкт-Петербург,2025-10-20
6970,Новосибирск,2025-12-17
6971,Новосибирск,2026-05-04
6972,Москва,2025-03-10
6973,Санкт-Петербург,2025-11-08
6974,Казань,2026-03-10
6975,Нижний Новгород,2026-03-24
6976,Казань,2025-09-12
6977,Москва,2026-06-28
6978,Воронеж,2025-06-26
6979,Москва,2025-08-29
6980,Уфа,2026-03-26
6981,Самара,2025-08-28
6982,Самара,2025-07-07
6983,Нижний Новгород,2025-10-30
6984,Москва,2025-12-05
6985,Екатеринбург,2026-06-13
6986,Нижний Новгород,2025-12-03
6987,Нижний Новгород,2025-04-12
6988,Москва,2025-01-29
6989,Москва,2026-06-12
6990,Санкт-Петербург,2025-08-19
6991,Казань,2025-04-20
6992,Екатеринбург,2025-05-02
6993,Самара,2025-02-27
6994,Нижний Новгород,2025-04-19
6995,Новосибирск,2026-03-02
6996,Москва,2025-12-23
6997,Казань,2025-11-23
6998,Санкт-Петербург,2025-01-07
6999,Москва,2026-01-02
7000,Москва,2026-06-13
7001,Санкт-Петербург,2026-05-19
7002,Москва,2025-08-04
7003,Екатеринбург,2025-11-24
7004,Москва,2025-06-12
7005,Москва,2026-04-30
7006,Москва,2026-05-17
7007,Екатеринбург,2025-05-02
7008,Екатеринбург,2025-09-23
7009,Санкт-Петербург,2025-05-09
7010,Москва,2025-12-01
7011,Уфа,2025-06-09
7012,Екатеринбург,2026-01-15
7013,Новосибирск,2026-06-19
7014,Казань,2026-04-20
7015,Самара,2025-04-10
7016,Ростов-на-Дону,2025-03-12
7017,Санкт-Петербург,2026-03-20
7018,Новосибирск,2025-02-14
7019,Москва,2025-08-07
7020,Новосибирск,2026-06-26
7021,Санкт-Петербург,2025-09-02
7022,Москва,2025-01-05
7023,Уфа,2026-06-16
7024,Ростов-на-Дону,2026-01-21
7025,Санкт-Петербург,2025-06-30
7026,Воронеж,2025-11-30
7027,Санкт-Петербург,2025-11-30
7028,Санкт-Петербург,2025-10-29
7029,Самара,2026-06-08
7030,Санкт-Петербург,2026-03-05
7031,Санкт-Петербург,2025-05-22
7032,Новосибирск,2026-06-25
7033,Москва,2026-06-09
7034,Санкт-Петербург,2025-01-26
7035,Санкт-Петербург,2025-06-11
7036,Новосибирск,2025-12-01
7037,Москва,2026-04-24
7038,Москва,2026-01-26
7039,Новосибирск,2025-11-09
7040,Москва,2025-06-16
7041,Санкт-Петербург,2025-02-22
7042,Новосибирск,2026-05-02
7043,Нижний Новгород,2025-10-18
7044,Москва,2025-09-07
7045,Самара,2026-06-19
7046,Новосибирск,2025-03-31
7047,Санкт-Петербург,2025-05-19
7048,Нижний Новгород,2026-04-11
7049,Новосибирск,2025-06-04
7050,Екатеринбург,2026-05-29
7051,Казань,2026-04-13
7052,Нижний Новгород,2025-02-24
7053,Воронеж,2025-09-07
7054,Екатеринбург,2026-02-14
7055,Самара,2025-09-24
7056,Нижний Новгород,2025-04-28
7057,Самара,2025-01-25
7058,Уфа,2025-01-04
7059,Москва,2025-04-08
7060,Москва,2025-05-23
7061,Екатеринбург,2025-06-14
7062,Санкт-Петербург,2026-04-11
7063,Екатеринбург,2025-10-05
7064,Нижний Новгород,2025-03-18
7065,Уфа,2025-02-15
7066,Санкт-Петербург,2025-03-13
7067,Новосибирск,2025-06-20
7068,Москва,2026-02-07
7069,Казань,2025-01-27
7070,Москва,2025-08-10
7071,Казань,2025-09-01
7072,Казань,2025-03-22
7073,Нижний Новгород,2025-02-01
7074,Екатеринбург,2025-05-06
7075,Санкт-Петербург,2025-03-24
7076,Москва,2026-03-10
7077,Москва,2026-05-15
7078,Воронеж,2025-12-06
7079,Уфа,2026-02-18
7080,Санкт-Петербург,2026-02-19
7081,Москва,2026-04-24
7082,Санкт-Петербург,2025-02-23
7083,Новосибирск,2026-06-28
7084,Санкт-Петербург,2025-09-07
7085,Москва,2025-10-23
7086,Санкт-Петербург,2026-03-11
7087,Москва,2025-09-27
7088,Санкт-Петербург,2025-05-25
7089,Москва,2025-01-11
7090,Новосибирск,2025-04-03
7091,Казань,2025-02-15
7092,Москва,2025-07-28
7093,Казань,2026-03-01
7094,Казань,2025-07-01
7095,Нижний Новгород,2025-11-22
7096,Уфа,2025-04-12
7097,Москва,2025-11-18
7098,Ростов-на-Дону,2026-06-04
7099,Новосибирск,2025-06-21
7100,Новосибирск,2025-09-21
7101,Санкт-Петербург,2026-06-09
7102,Санкт-Петербург,2025-11-28
7103,Москва,2025-08-06
7104,Воронеж,2025-03-08
7105,Екатеринбург,2026-05-26
7106,Санкт-Петербург,2025-11-29
7107,Казань,2025-02-01
7108,Москва,2025-10-30
7109,Москва,2026-06-12
7110,Екатеринбург,2026-05-23
7111,Казань,2025-04-17
7112,Нижний Новгород,2025-08-13
7113,Новосибирск,2026-06-22
7114,Екатеринбург,2026-03-03
7115,Самара,2025-11-02
7116,Москва,2025-06-15
7117,Новосибирск,2026-02-20
7118,Новосибирск,2025-11-12
7119,Москва,2025-10-13
7120,Москва,2026-05-21
7121,Москва,2025-07-25
7122,Москва,2025-12-07
7123,Казань,2025-01-24
7124,Москва,2026-01-23
7125,Новосибирск,2025-10-26
7126,Москва,2026-04-23
7127,Москва,2025-07-01
7128,Санкт-Петербург,2026-05-20
7129,Москва,2025-11-10
7130,Воронеж,2025-04-24
7131,Санкт-Петербург,2025-03-29
7132,Москва,2025-04-17
7133,Москва,2025-06-14
7134,Санкт-Петербург,2025-10-28
7135,Екатеринбург,2026-04-19
7136,Нижний Новгород,2026-06-27
7137,Санкт-Петербург,2026-01-05
7138,Екатеринбург,2025-09-25
7139,Казань,2025-12-01
7140,Самара,2025-06-30
7141,Екатеринбург,2025-05-14
7142,Санкт-Петербург,2025-10-20
7143,Новосибирск,2026-03-28
7144,Самара,2025-02-05
7145,Казань,2025-03-02
7146,Воронеж,2025-04-07
7147,Ростов-на-Дону,2025-04-25
7148,Москва,2025-03-23
7149,Нижний Новгород,2025-03-12
7150,Екатеринбург,2025-01-16
7151,Казань,2025-07-09
7152,Казань,2026-01-29
7153,Самара,2025-03-27
7154,Екатеринбург,2025-06-27
7155,Казань,2026-06-15
7156,Москва,2025-04-02
7157,Санкт-Петербург,2026-06-23
7158,Ростов-на-Дону,2025-10-07
7159,Новосибирск,2026-01-30
7160,Москва,2025-06-26
7161,Ростов-на-Дону,2025-06-26
7162,Самара,2025-08-03
7163,Казань,2025-03-11
7164,Москва,2025-06-21
7165,Екатеринбург,2026-05-03
7166,Москва,2025-01-03
7167,Санкт-Петербург,2026-01-11
7168,Екатеринбург,2025-03-19
7169,Уфа,2025-03-02
7170,Санкт-Петербург,2025-10-29
7171,Ростов-на-Дону,2025-04-30
7172,Уфа,2026-06-18
7173,Москва,2025-04-14
7174,Москва,2025-03-13
7175,Новосибирск,2025-06-30
7176,Нижний Новгород,2025-06-30
7177,Санкт-Петербург,2025-03-29
7178,Новосибирск,2025-12-29
7179,Екатеринбург,2025-07-09
7180,Нижний Новгород,2025-10-15
7181,Новосибирск,2025-05-13
7182,Москва,2025-02-22
7183,Москва,2025-02-03
7184,Москва,2025-01-29
7185,Уфа,2026-04-20
7186,Уфа,2025-05-25
7187,Нижний Новгород,2025-06-16
7188,Москва,2025-11-12
7189,Екатеринбург,2025-02-21
7190,Москва,2025-11-24
7191,Санкт-Петербург,2025-10-12
7192,Москва,2026-03-08
7193,Самара,2025-03-09
7194,Москва,2025-01-10
7195,Екатеринбург,2026-02-26
7196,Воронеж,2025-07-21
7197,Новосибирск,2025-02-03
7198,Москва,2025-10-31
7199,Ростов-на-Дону,2025-09-11
7200,Екатеринбург,2026-06-03
7201,Санкт-Петербург,2026-05-30
7202,Новосибирск,2025-10-21
7203,Ростов-на-Дону,2025-03-28
7204,Казань,2026-02-12
7205,Казань,2025-04-20
7206,Санкт-Петербург,2026-04-02
7207,Москва,2025-11-24
7208,Нижний Новгород,2025-07-13
7209,Москва,2026-06-19
7210,Санкт-Петербург,2025-10-08
7211,Санкт-Петербург,2025-07-30
7212,Санкт-Петербург,2025-04-13
7213,Санкт-Петербург,2025-12-20
7214,Екатеринбург,2025-05-28
7215,Санкт-Петербург,2025-03-25
7216,Москва,2025-03-06
7217,Ростов-на-Дону,2025-12-16
7218,Воронеж,2026-05-17
7219,Санкт-Петербург,2025-05-18
7220,Санкт-Петербург,2025-04-29
7221,Москва,2025-12-01
7222,Москва,2025-03-19
7223,Санкт-Петербург,2025-02-18
7224,Уфа,2025-12-14
7225,Нижний Новгород,2025-10-14
7226,Санкт-Петербург,2025-01-16
7227,Воронеж,2025-05-10
7228,Санкт-Петербург,2025-04-19
7229,Москва,2026-01-07
7230,Санкт-Петербург,2025-12-29
7231,Москва,2026-02-12
7232,Ростов-на-Дону,2025-02-24
7233,Санкт-Петербург,2026-04-08
7234,Новосибирск,2025-04-25
7235,Санкт-Петербург,2026-06-25
7236,Ростов-на-Дону,2026-04-21
7237,Екатеринбург,2025-09-08
7238,Казань,2026-03-05
7239,Москва,2026-01-01
7240,Ростов-на-Дону,2026-02-26
7241,Казань,2025-01-11
7242,Санкт-Петербург,2025-02-15
7243,Ростов-на-Дону,2026-05-09
7244,Москва,2026-03-02
7245,Санкт-Петербург,2025-12-02
7246,Казань,2025-06-20
7247,Санкт-Петербург,2025-08-18
7248,Казань,2025-08-03
7249,Москва,2025-08-25
7250,Москва,2025-12-09
7251,Москва,2026-02-18
7252,Москва,2025-07-29
7253,Уфа,2026-03-31
7254,Екатеринбург,2025-02-19
7255,Казань,2026-03-17
7256,Санкт-Петербург,2026-01-04
7257,Новосибирск,2025-10-06
7258,Москва,2025-07-24
7259,Москва,2025-07-22
7260,Новосибирск,2025-07-16
7261,Казань,2026-05-31
7262,Нижний Новгород,2025-01-15
7263,Ростов-на-Дону,2025-12-12
7264,Самара,2026-06-24
7265,Москва,2025-10-24
7266,Москва,2025-12-15
7267,Москва,2025-11-23
7268,Нижний Новгород,2025-10-03
7269,Уфа,2025-12-10
7270,Уфа,2026-05-08
7271,Санкт-Петербург,2026-01-24
7272,Самара,2026-04-08
7273,Казань,2025-10-29
7274,Самара,2026-02-26
7275,Казань,2026-04-23
7276,Москва,2025-04-26
7277,Москва,2026-04-14
7278,Уфа,2026-01-10
7279,Санкт-Петербург,2025-08-30
7280,Санкт-Петербург,2026-02-26
7281,Санкт-Петербург,2025-04-02
7282,Санкт-Петербург,2026-01-16
7283,Уфа,2025-11-11
7284,Москва,2026-04-30
7285,Москва,2025-12-05
7286,Нижний Новгород,2025-10-14
7287,Казань,2025-10-13
7288,Москва,2025-10-30
7289,Москва,2026-05-01
7290,Москва,2026-03-04
7291,Москва,2025-02-20
7292,Москва,2025-10-18
7293,Москва,2025-06-06
7294,Нижний Новгород,2025-03-31
7295,Самара,2026-04-17
7296,Ростов-на-Дону,2026-04-13
7297,Санкт-Петербург,2026-05-27
7298,Санкт-Петербург,2025-08-03
7299,Воронеж,2025-08-21
7300,Нижний Новгород,2026-03-01
7301,Казань,2025-04-15
7302,Москва,2025-01-30
7303,Санкт-Петербург,2025-08-18
7304,Казань,2025-12-09
7305,Казань,2025-09-06
7306,Москва,2025-04-26
7307,Уфа,2025-10-11
7308,Екатеринбург,2026-05-29
7309,Екатеринбург,2025-05-30
7310,Москва,2025-08-07
7311,Нижний Новгород,2025-06-20
7312,Нижний Новгород,2025-06-09
7313,Москва,2025-12-24
7314,Екатеринбург,2025-07-24
7315,Новосибирск,2025-12-05
7316,Самара,2025-01-11
7317,Москва,2025-12-27
7318,Ростов-на-Дону,2025-02-27
7319,Казань,2025-07-25
7320,Москва,2026-04-21
7321,Москва,2025-07-03
7322,Москва,2026-01-16
7323,Санкт-Петербург,2025-07-11
7324,Казань,2026-05-07
7325,Нижний Новгород,2026-06-03
7326,Москва,2026-05-11
7327,Воронеж,2025-08-04
7328,Москва,2025-06-23
7329,Екатеринбург,2025-11-27
7330,Уфа,2026-03-22
7331,Самара,2025-10-12
7332,Екатеринбург,2026-02-07
7333,Новосибирск,2026-04-23
7334,Москва,2026-02-14
7335,Москва,2025-07-21
7336,Санкт-Петербург,2025-05-17
7337,Москва,2025-08-25
7338,Санкт-Петербург,2025-11-10
7339,Москва,2026-04-05
7340,Уфа,2025-06-13
7341,Ростов-на-Дону,2025-03-29
7342,Самара,2025-06-21
7343,Новосибирск,2025-11-20
7344,Москва,2025-05-07
7345,Москва,2025-08-06
7346,Новосибирск,2025-05-20
7347,Екатеринбург,2026-06-22
7348,Санкт-Петербург,2025-10-07
7349,Казань,2026-01-29
7350,Казань,2025-10-11
7351,Москва,2025-01-06
7352,Санкт-Петербург,2025-05-24
7353,Санкт-Петербург,2026-04-03
7354,Екатеринбург,2025-10-06
7355,Уфа,2026-01-19
7356,Казань,2026-02-20
7357,Нижний Новгород,2025-11-02
7358,Самара,2025-11-11
7359,Москва,2025-05-09
7360,Новосибирск,2025-05-16
7361,Казань,2025-03-23
7362,Екатеринбург,2025-06-12
7363,Москва,2025-12-09
7364,Ростов-на-Дону,2026-05-21
7365,Уфа,2025-08-28
7366,Москва,2025-11-25
7367,Москва,2026-04-15
7368,Москва,2026-01-05
7369,Нижний Новгород,2025-05-23
7370,Екатеринбург,2025-06-03
7371,Москва,2025-12-14
7372,Самара,2025-06-06
7373,Санкт-Петербург,2025-05-16
7374,Казань,2025-11-19
7375,Санкт-Петербург,2025-12-13
7376,Казань,2025-05-19
7377,Казань,2025-01-27
7378,Москва,2026-02-23
7379,Санкт-Петербург,2025-08-02
7380,Ростов-на-Дону,2025-12-11
7381,Казань,2025-04-05
7382,Уфа,2025-06-21
7383,Казань,2025-11-27
7384,Нижний Новгород,2025-03-09
7385,Санкт-Петербург,2025-06-22
7386,Нижний Новгород,2026-01-27
7387,Москва,2026-02-25
7388,Москва,2025-07-12
7389,Москва,2025-03-04
7390,Москва,2025-01-15
7391,Уфа,2025-10-31
7392,Воронеж,2026-01-14
7393,Нижний Новгород,2025-11-20
7394,Москва,2025-08-09
7395,Ростов-на-Дону,2025-01-13
7396,Нижний Новгород,2025-05-04
7397,Санкт-Петербург,2025-01-20
7398,Казань,2025-09-09
7399,Новосибирск,2025-06-17
7400,Москва,2025-02-08
7401,Казань,2025-11-28
7402,Нижний Новгород,2025-07-21
7403,Москва,2026-06-09
7404,Санкт-Петербург,2025-08-16
7405,Казань,2025-02-19
7406,Нижний Новгород,2026-01-20
7407,Воронеж,2026-01-19
7408,Самара,2026-05-22
7409,Екатеринбург,2026-01-13
7410,Екатеринбург,2025-07-17
7411,Екатеринбург,2025-12-31
7412,Казань,2026-03-11
7413,Москва,2025-10-09
7414,Новосибирск,2026-03-10
7415,Новосибирск,2026-06-11
7416,Казань,2026-02-16
7417,Ростов-на-Дону,2025-10-01
7418,Новосибирск,2025-09-26
7419,Санкт-Петербург,2026-04-02
7420,Москва,2026-04-21
7421,Москва,2025-05-24
7422,Санкт-Петербург,2025-01-06
7423,Казань,2026-03-16
7424,Москва,2025-05-09
7425,Москва,2026-06-28
7426,Москва,2025-01-20
7427,Нижний Новгород,2026-05-11
7428,Нижний Новгород,2026-01-05
7429,Санкт-Петербург,2025-06-15
7430,Москва,2025-01-19
7431,Москва,2026-04-07
7432,Москва,2025-03-07
7433,Санкт-Петербург,2025-02-21
7434,Москва,2026-03-07
7435,Санкт-Петербург,2026-01-05
7436,Воронеж,2025-03-11
7437,Казань,2025-07-06
7438,Самара,2025-12-30
7439,Москва,2025-12-25
7440,Москва,2025-07-17
7441,Уфа,2025-08-13
7442,Санкт-Петербург,2025-02-13
7443,Екатеринбург,2025-01-05
7444,Воронеж,2026-06-12
7445,Казань,2025-05-07
7446,Санкт-Петербург,2026-05-21
7447,Казань,2025-01-24
7448,Москва,2026-06-24
7449,Москва,2025-08-21
7450,Москва,2026-03-16
7451,Ростов-на-Дону,2026-04-03
7452,Новосибирск,2025-07-11
7453,Санкт-Петербург,2026-02-07
7454,Москва,2025-07-02
7455,Новосибирск,2026-03-06
7456,Уфа,2026-06-07
7457,Санкт-Петербург,2026-03-16
7458,Санкт-Петербург,2026-02-01
7459,Самара,2025-07-22
7460,Ростов-на-Дону,2025-03-01
7461,Уфа,2025-10-03
7462,Санкт-Петербург,2025-03-12
7463,Москва,2025-10-05
7464,Санкт-Петербург,2026-04-19
7465,Санкт-Петербург,2025-03-03
7466,Ростов-на-Дону,2026-05-07
7467,Москва,2025-11-22
7468,Екатеринбург,2025-01-26
7469,Ростов-на-Дону,2026-01-28
7470,Воронеж,2025-01-01
7471,Новосибирск,2025-11-29
7472,Уфа,2025-10-04
7473,Москва,2026-02-11
7474,Санкт-Петербург,2025-07-25
7475,Москва,2025-03-06
7476,Воронеж,2025-07-30
7477,Ростов-на-Дону,2026-02-19
7478,Москва,2026-06-04
7479,Москва,2025-04-24
7480,Санкт-Петербург,2025-07-11
7481,Москва,2026-04-23
7482,Самара,2025-06-20
7483,Москва,2025-05-14
7484,Нижний Новгород,2026-03-30
7485,Казань,2025-09-26
7486,Санкт-Петербург,2025-11-14
7487,Москва,2025-09-23
7488,Воронеж,2025-11-25
7489,Екатеринбург,2025-05-27
7490,Санкт-Петербург,2026-02-03
7491,Санкт-Петербург,2025-07-17
7492,Ростов-на-Дону,2025-10-13
7493,Самара,2025-04-12
7494,Самара,2025-01-07
7495,Екатеринбург,2025-11-07
7496,Ростов-на-Дону,2025-03-17
7497,Санкт-Петербург,2026-05-13
7498,Новосибирск,2026-06-07
7499,Санкт-Петербург,2025-06-22
7500,Екатеринбург,2025-06-07
7501,Воронеж,2025-10-04
7502,Воронеж,2025-04-22
7503,Казань,2026-04-15
7504,Екатеринбург,2025-02-25
7505,Ростов-на-Дону,2025-09-04
7506,Воронеж,2025-04-13
7507,Нижний Новгород,2026-03-30
7508,Москва,2025-03-20
7509,Санкт-Петербург,2025-09-01
7510,Ростов-на-Дону,2026-03-31
7511,Нижний Новгород,2025-08-28
7512,Нижний Новгород,2025-04-11
7513,Новосибирск,2025-03-27
7514,Санкт-Петербург,2025-11-26
7515,Санкт-Петербург,2025-03-10
7516,Самара,2025-07-13
7517,Санкт-Петербург,2025-11-30
7518,Новосибирск,2025-07-26
7519,Новосибирск,2026-03-27
7520,Самара,2026-01-10
7521,Санкт-Петербург,2025-03-15
7522,Нижний Новгород,2026-03-22
7523,Москва,2026-05-12
7524,Москва,2025-04-21
7525,Санкт-Петербург,2025-07-15
7526,Москва,2025-08-04
7527,Уфа,2025-08-20
7528,Ростов-на-Дону,2025-09-10
7529,Москва,2026-05-03
7530,Самара,2025-12-21
7531,Казань,2026-05-04
7532,Новосибирск,2025-07-11
7533,Ростов-на-Дону,2025-10-14
7534,Екатеринбург,2025-02-27
7535,Москва,2025-05-31
7536,Москва,2025-11-15
7537,Казань,2025-04-04
7538,Уфа,2026-06-08
7539,Екатеринбург,2025-05-29
7540,Санкт-Петербург,2025-03-30
7541,Москва,2026-03-02
7542,Уфа,2025-02-19
7543,Санкт-Петербург,2025-06-26
7544,Новосибирск,2025-04-19
7545,Новосибирск,2026-01-14
7546,Москва,2026-04-05
7547,Москва,2025-04-17
7548,Санкт-Петербург,2025-08-15
7549,Санкт-Петербург,2025-09-18
7550,Новосибирск,2026-01-12
7551,Самара,2025-07-11
7552,Москва,2025-10-13
7553,Казань,2025-10-02
7554,Москва,2025-01-07
7555,Москва,2025-11-07
7556,Нижний Новгород,2025-11-06
7557,Нижний Новгород,2026-06-25
7558,Нижний Новгород,2025-10-05
7559,Москва,2026-05-06
7560,Казань,2025-07-10
7561,Санкт-Петербург,2026-01-15
7562,Воронеж,2026-05-07
7563,Новосибирск,2025-03-25
7564,Уфа,2025-11-06
7565,Москва,2026-05-16
7566,Санкт-Петербург,2025-10-31
7567,Нижний Новгород,2026-05-02
7568,Санкт-Петербург,2025-08-17
7569,Екатеринбург,2026-04-29
7570,Казань,2025-12-09
7571,Воронеж,2025-09-19
7572,Москва,2025-04-28
7573,Уфа,2025-04-04
7574,Санкт-Петербург,2025-06-07
7575,Казань,2026-02-16
7576,Казань,2025-09-13
7577,Москва,2025-07-31
7578,Воронеж,2025-09-12
7579,Уфа,2025-07-07
7580,Воронеж,2026-03-16
7581,Воронеж,2025-08-01
7582,Новосибирск,2025-09-15
7583,Санкт-Петербург,2025-11-01
7584,Самара,2025-12-19
7585,Москва,2025-07-01
7586,Самара,2025-02-09
7587,Казань,2026-01-12
7588,Новосибирск,2025-11-02
7589,Санкт-Петербург,2025-12-20
7590,Санкт-Петербург,2025-10-24
7591,Москва,2025-10-05
7592,Санкт-Петербург,2026-06-02
7593,Санкт-Петербург,2025-01-30
7594,Москва,2025-02-20
7595,Москва,2026-05-26
7596,Екатеринбург,2026-04-29
7597,Санкт-Петербург,2025-08-13
7598,Самара,2025-10-22
7599,Москва,2025-09-02
7600,Екатеринбург,2026-06-28
7601,Москва,2025-09-06
7602,Казань,2026-02-19
7603,Казань,2025-07-18
7604,Екатеринбург,2025-07-27
7605,Санкт-Петербург,2026-01-03
7606,Казань,2025-08-06
7607,Москва,2025-01-08
7608,Казань,2025-04-05
7609,Санкт-Петербург,2026-04-22
7610,Новосибирск,2025-07-19
7611,Санкт-Петербург,2025-02-25
7612,Нижний Новгород,2026-05-27
7613,Санкт-Петербург,2026-06-29
7614,Москва,2025-09-30
7615,Москва,2025-12-09
7616,Москва,2026-02-16
7617,Казань,2025-02-06
7618,Самара,2025-06-11
7619,Нижний Новгород,2025-11-03
7620,Санкт-Петербург,2025-10-27
7621,Москва,2025-06-30
7622,Ростов-на-Дону,2025-01-01
7623,Москва,2026-06-04
7624,Санкт-Петербург,2025-12-01
7625,Самара,2026-02-16
7626,Санкт-Петербург,2025-08-27
7627,Москва,2025-10-04
7628,Москва,2025-08-31
7629,Екатеринбург,2025-08-23
7630,Москва,2026-01-01
7631,Новосибирск,2026-06-27
7632,Санкт-Петербург,2026-02-28
7633,Санкт-Петербург,2025-12-30
7634,Москва,2025-01-07
7635,Самара,2025-10-08
7636,Санкт-Петербург,2026-06-05
7637,Нижний Новгород,2025-08-05
7638,Санкт-Петербург,2025-10-27
7639,Москва,2025-06-26
7640,Санкт-Петербург,2025-04-15
7641,Казань,2026-01-20
7642,Санкт-Петербург,2025-06-20
7643,Самара,2025-11-17
7644,Уфа,2025-11-20
7645,Нижний Новгород,2026-04-08
7646,Екатеринбург,2026-05-27
7647,Казань,2025-10-29
7648,Екатеринбург,2025-01-28
7649,Санкт-Петербург,2025-11-14
7650,Самара,2025-09-18
7651,Самара,2025-11-04
7652,Москва,2026-02-20
7653,Ростов-на-Дону,2025-08-28
7654,Самара,2025-08-15
7655,Санкт-Петербург,2025-09-20
7656,Ростов-на-Дону,2026-04-10
7657,Москва,2025-09-23
7658,Москва,2025-06-28
7659,Санкт-Петербург,2025-11-22
7660,Екатеринбург,2026-01-13
7661,Санкт-Петербург,2026-05-13
7662,Уфа,2026-05-02
7663,Москва,2026-03-03
7664,Санкт-Петербург,2026-02-24
7665,Екатеринбург,2025-09-02
7666,Москва,2025-07-06
7667,Новосибирск,2025-11-03
7668,Санкт-Петербург,2026-01-20
7669,Воронеж,2025-10-10
7670,Новосибирск,2025-04-23
7671,Москва,2025-01-09
7672,Москва,2025-02-01
7673,Москва,2025-08-21
7674,Уфа,2026-03-08
7675,Новосибирск,2026-03-07
7676,Санкт-Петербург,2026-03-17
7677,Москва,2026-01-22
7678,Ростов-на-Дону,2025-01-13
7679,Москва,2026-04-27
7680,Новосибирск,2026-06-01
7681,Нижний Новгород,2026-04-09
7682,Санкт-Петербург,2025-09-01
7683,Казань,2025-04-28
7684,Москва,2026-05-09
7685,Санкт-Петербург,2025-04-11
7686,Воронеж,2026-03-06
7687,Новосибирск,2026-06-11
7688,Самара,2026-05-06
7689,Казань,2025-10-12
7690,Москва,2026-03-31
7691,Новосибирск,2026-03-29
7692,Казань,2026-06-15
7693,Москва,2025-07-16
7694,Санкт-Петербург,2025-12-09
7695,Екатеринбург,2026-03-22
7696,Нижний Новгород,2025-05-04
7697,Москва,2025-05-03
7698,Ростов-на-Дону,2025-08-01
7699,Санкт-Петербург,2025-07-16
7700,Москва,2026-02-14
7701,Москва,2026-05-26
7702,Самара,2025-03-27
7703,Санкт-Петербург,2025-06-27
7704,Казань,2026-05-22
7705,Москва,2025-11-21
7706,Новосибирск,2025-04-22
7707,Нижний Новгород,2025-11-25
7708,Санкт-Петербург,2026-04-23
7709,Уфа,2025-07-23
7710,Москва,2025-09-21
7711,Москва,2025-12-01
7712,Екатеринбург,2026-04-04
7713,Новосибирск,2025-11-04
7714,Москва,2026-06-07
7715,Казань,2026-02-16
7716,Санкт-Петербург,2025-08-19
7717,Казань,2025-09-23
7718,Новосибирск,2026-01-15
7719,Воронеж,2025-02-08
7720,Санкт-Петербург,2025-05-04
7721,Екатеринбург,2025-05-10
7722,Екатеринбург,2026-03-13
7723,Санкт-Петербург,2026-03-25
7724,Москва,2026-03-23
7725,Воронеж,2025-02-27
7726,Москва,2025-06-10
7727,Нижний Новгород,2025-06-20
7728,Москва,2025-01-14
7729,Самара,2025-05-21
7730,Москва,2025-08-24
7731,Воронеж,2026-04-28
7732,Новосибирск,2025-04-03
7733,Москва,2026-04-14
7734,Новосибирск,2026-03-23
7735,Екатеринбург,2025-03-28
7736,Санкт-Петербург,2025-05-23
7737,Москва,2025-09-07
7738,Новосибирск,2026-05-30
7739,Нижний Новгород,2026-03-04
7740,Санкт-Петербург,2026-06-14
7741,Ростов-на-Дону,2025-06-20
7742,Москва,2026-05-11
7743,Москва,2026-06-06
7744,Екатеринбург,2025-11-23
7745,Москва,2025-03-25
7746,Москва,2025-05-26
7747,Казань,2025-03-12
7748,Санкт-Петербург,2026-03-16
7749,Москва,2025-06-20
7750,Новосибирск,2026-01-18
7751,Казань,2025-05-26
7752,Самара,2026-06-17
7753,Екатеринбург,2026-02-26
7754,Казань,2025-07-25
7755,Москва,2025-09-17
7756,Нижний Новгород,2025-02-02
7757,Москва,2025-03-16
7758,Москва,2026-06-29
7759,Самара,2026-03-21
7760,Нижний Новгород,2026-04-02
7761,Екатеринбург,2025-12-17
7762,Москва,2025-05-01
7763,Москва,2025-02-27
7764,Казань,2026-01-31
7765,Нижний Новгород,2025-06-30
7766,Казань,2025-01-01
7767,Москва,2025-01-13
7768,Москва,2025-11-01
7769,Екатеринбург,2026-04-03
7770,Новосибирск,2025-07-17
7771,Москва,2026-06-29
7772,Москва,2025-07-27
7773,Москва,2026-02-04
7774,Москва,2025-05-14
7775,Казань,2025-11-27
7776,Москва,2025-05-30
7777,Екатеринбург,2026-03-01
7778,Нижний Новгород,2025-09-05
7779,Воронеж,2025-01-23
7780,Уфа,2025-05-16
7781,Москва,2025-07-11
7782,Москва,2025-09-12
7783,Санкт-Петербург,2025-05-28
7784,Новосибирск,2025-11-11
7785,Москва,2026-06-10
7786,Санкт-Петербург,2026-01-23
7787,Санкт-Петербург,2025-06-19
7788,Москва,2026-01-05
7789,Новосибирск,2026-06-11
7790,Новосибирск,2025-05-12
7791,Казань,2025-05-07
7792,Уфа,2025-01-22
7793,Москва,2026-04-05
7794,Москва,2026-03-30
7795,Санкт-Петербург,2025-08-14
7796,Новосибирск,2026-04-21
7797,Екатеринбург,2025-12-22
7798,Москва,2026-06-18
7799,Уфа,2026-05-18
7800,Санкт-Петербург,2026-06-08
7801,Санкт-Петербург,2025-08-02
7802,Екатеринбург,2025-12-12
7803,Уфа,2025-04-02
7804,Новосибирск,2026-05-03
7805,Уфа,2025-06-23
7806,Москва,2025-09-02
7807,Екатеринбург,2025-11-20
7808,Самара,2026-03-06
7809,Казань,2026-02-03
7810,Санкт-Петербург,2026-06-05
7811,Воронеж,2026-01-24
7812,Москва,2026-03-10
7813,Санкт-Петербург,2025-11-08
7814,Ростов-на-Дону,2025-08-15
7815,Ростов-на-Дону,2026-05-13
7816,Воронеж,2025-07-25
7817,Ростов-на-Дону,2025-12-05
7818,Москва,2025-06-08
7819,Уфа,2025-09-20
7820,Санкт-Петербург,2025-07-20
7821,Новосибирск,2025-05-21
7822,Санкт-Петербург,2026-03-24
7823,Самара,2026-02-23
7824,Екатеринбург,2026-01-18
7825,Самара,2025-02-15
7826,Москва,2025-05-17
7827,Москва,2025-04-29
7828,Санкт-Петербург,2026-01-23
7829,Москва,2026-05-02
7830,Новосибирск,2025-07-26
7831,Санкт-Петербург,2025-06-30
7832,Казань,2025-10-31
7833,Москва,2026-06-23
7834,Москва,2025-07-21
7835,Екатеринбург,2025-06-01
7836,Санкт-Петербург,2025-10-12
7837,Москва,2026-05-15
7838,Москва,2026-02-02
7839,Москва,2025-10-10
7840,Екатеринбург,2026-02-03
7841,Москва,2025-01-09
7842,Санкт-Петербург,2026-02-15
7843,Новосибирск,2025-02-23
7844,Казань,2025-08-02
7845,Екатеринбург,2025-07-10
7846,Москва,2026-01-12
7847,Уфа,2025-05-11
7848,Санкт-Петербург,2025-05-11
7849,Санкт-Петербург,2026-04-27
7850,Ростов-на-Дону,2025-09-18
7851,Новосибирск,2026-02-09
7852,Екатеринбург,2025-11-14
7853,Ростов-на-Дону,2025-12-04
7854,Москва,2026-01-10
7855,Самара,2025-12-30
7856,Новосибирск,2026-05-13
7857,Санкт-Петербург,2026-03-04
7858,Москва,2025-06-16
7859,Москва,2025-04-03
7860,Уфа,2026-04-06
7861,Москва,2025-07-23
7862,Москва,2025-06-19
7863,Новосибирск,2025-03-02
7864,Новосибирск,2025-10-28
7865,Москва,2025-10-07
7866,Самара,2026-03-28
7867,Казань,2026-02-13
7868,Самара,2026-01-30
7869,Москва,2025-10-21
7870,Москва,2026-04-16
7871,Екатеринбург,2026-06-20
7872,Москва,2026-03-21
7873,Казань,2025-07-09
7874,Москва,2025-05-31
7875,Нижний Новгород,2025-01-01
7876,Ростов-на-Дону,2026-06-26
7877,Самара,2026-02-04
7878,Уфа,2026-05-26
7879,Ростов-на-Дону,2026-03-06
7880,Санкт-Петербург,2025-08-23
7881,Санкт-Петербург,2025-03-21
7882,Ростов-на-Дону,2025-01-26
7883,Уфа,2026-03-08
7884,Воронеж,2025-06-15
7885,Нижний Новгород,2025-07-26
7886,Москва,2026-04-01
7887,Уфа,2025-09-20
7888,Уфа,2026-06-03
7889,Новосибирск,2025-10-25
7890,Самара,2026-03-30
7891,Екатеринбург,2025-03-10
7892,Уфа,2025-08-05
7893,Москва,2025-04-10
7894,Ростов-на-Дону,2025-01-31
7895,Москва,2026-06-25
7896,Санкт-Петербург,2025-10-10
7897,Москва,2025-07-12
7898,Казань,2025-07-25
7899,Москва,2025-05-12
7900,Уфа,2025-03-09
7901,Казань,2026-05-13
7902,Ростов-на-Дону,2025-02-27
7903,Москва,2025-07-29
7904,Москва,2025-03-25
7905,Нижний Новгород,2026-05-22
7906,Новосибирск,2025-04-23
7907,Казань,2025-08-03
7908,Самара,2026-02-15
7909,Самара,2025-11-07
7910,Екатеринбург,2025-07-28
7911,Воронеж,2025-11-04
7912,Новосибирск,2025-08-27
7913,Новосибирск,2025-06-07
7914,Санкт-Петербург,2025-11-23
7915,Москва,2025-07-19
7916,Москва,2026-06-08
7917,Нижний Новгород,2025-09-10
7918,Новосибирск,2026-02-17
7919,Санкт-Петербург,2025-05-08
7920,Екатеринбург,2025-12-18
7921,Москва,2025-11-01
7922,Москва,2026-02-10
7923,Уфа,2025-09-09
7924,Санкт-Петербург,2026-01-28
7925,Москва,2025-02-01
7926,Казань,2026-01-12
7927,Санкт-Петербург,2026-02-15
7928,Новосибирск,2025-09-28
7929,Воронеж,2025-01-19
7930,Екатеринбург,2025-11-05
7931,Екатеринбург,2026-03-02
7932,Санкт-Петербург,2025-09-09
7933,Екатеринбург,2025-02-21
7934,Санкт-Петербург,2025-08-04
7935,Москва,2026-06-26
7936,Ростов-на-Дону,2025-05-28
7937,Санкт-Петербург,2025-10-16
7938,Казань,2025-07-13
7939,Москва,2026-01-24
7940,Самара,2025-08-22
7941,Москва,2025-07-29
7942,Санкт-Петербург,2025-11-12
7943,Самара,2025-11-08
7944,Санкт-Петербург,2025-09-30
7945,Уфа,2025-05-21
7946,Москва,2025-02-28
7947,Новосибирск,2026-01-12
7948,Воронеж,2025-07-05
7949,Казань,2025-11-30
7950,Новосибирск,2025-07-25
7951,Санкт-Петербург,2026-04-11
7952,Нижний Новгород,2026-01-21
7953,Ростов-на-Дону,2025-08-09
7954,Новосибирск,2025-07-01
7955,Уфа,2026-02-13
7956,Екатеринбург,2025-01-05
7957,Екатеринбург,2025-02-01
7958,Санкт-Петербург,2025-02-15
7959,Новосибирск,2025-07-08
7960,Ростов-на-Дону,2025-09-28
7961,Екатеринбург,2025-06-09
7962,Москва,2025-04-13
7963,Казань,2025-06-20
7964,Нижний Новгород,2025-09-27
7965,Уфа,2025-06-12
7966,Москва,2025-11-09
7967,Москва,2025-07-28
7968,Санкт-Петербург,2026-05-24
7969,Москва,2026-06-25
7970,Воронеж,2025-12-24
7971,Санкт-Петербург,2025-10-30
7972,Казань,2025-01-17
7973,Москва,2025-12-06
7974,Санкт-Петербург,2025-07-27
7975,Воронеж,2025-06-08
7976,Казань,2026-03-09
7977,Москва,2025-01-23
7978,Москва,2025-05-23
7979,Воронеж,2026-02-26
7980,Воронеж,2026-05-20
7981,Москва,2025-10-08
7982,Екатеринбург,2025-10-16
7983,Москва,2026-06-12
7984,Екатеринбург,2025-02-20
7985,Москва,2025-09-20
7986,Самара,2025-05-12
7987,Уфа,2025-09-17
7988,Москва,2026-05-09
7989,Казань,2025-11-21
7990,Москва,2026-06-25
7991,Санкт-Петербург,2025-10-03
7992,Москва,2026-04-16
7993,Москва,2025-04-03
7994,Воронеж,2025-06-24
7995,Москва,2025-05-30
7996,Самара,2026-02-24
7997,Москва,2025-10-07
7998,Казань,2025-05-02
7999,Санкт-Петербург,2025-04-05
8000,Уфа,2025-07-29
8001,Москва,2025-03-25
8002,Москва,2026-01-15
8003,Нижний Новгород,2026-04-08
8004,Новосибирск,2026-06-13
8005,Новосибирск,2025-05-09
8006,Москва,2025-08-28
8007,Москва,2025-10-02
8008,Самара,2025-09-28
8009,Екатеринбург,2025-09-04
8010,Екатеринбург,2025-04-30
8011,Санкт-Петербург,2025-03-03
8012,Москва,2025-08-08
8013,Уфа,2025-02-20
8014,Новосибирск,2025-02-04
8015,Москва,2025-10-13
8016,Уфа,2026-04-13
8017,Екатеринбург,2025-10-22
8018,Санкт-Петербург,2025-01-13
8019,Санкт-Петербург,2026-04-04
8020,Новосибирск,2026-01-08
8021,Санкт-Петербург,2025-06-15
8022,Екатеринбург,2025-05-29
8023,Новосибирск,2026-05-06
8024,Москва,2025-09-17
8025,Уфа,2025-03-18
8026,Санкт-Петербург,2025-06-03
8027,Санкт-Петербург,2025-05-25
8028,Новосибирск,2025-08-07
8029,Екатеринбург,2025-07-08
8030,Санкт-Петербург,2025-10-25
8031,Екатеринбург,2025-06-26
8032,Ростов-на-Дону,2025-12-16
8033,Самара,2025-09-26
8034,Самара,2026-05-28
8035,Москва,2026-03-28
8036,Санкт-Петербург,2025-07-01
8037,Казань,2025-01-23
8038,Москва,2025-11-15
8039,Нижний Новгород,2025-07-04
8040,Санкт-Петербург,2026-05-07
8041,Санкт-Петербург,2025-08-10
8042,Москва,2025-06-08
8043,Санкт-Петербург,2025-07-04
8044,Санкт-Петербург,2026-04-17
8045,Екатеринбург,2025-03-03
8046,Екатеринбург,2026-06-06
8047,Москва,2025-05-08
8048,Москва,2026-04-07
8049,Самара,2025-10-24
8050,Москва,2025-11-07
8051,Казань,2025-04-22
8052,Казань,2026-01-29
8053,Екатеринбург,2025-12-20
8054,Ростов-на-Дону,2025-09-20
8055,Екатеринбург,2025-09-07
8056,Воронеж,2025-11-22
8057,Ростов-на-Дону,2025-09-15
8058,Москва,2026-06-16
8059,Москва,2025-01-23
8060,Санкт-Петербург,2025-05-17
8061,Санкт-Петербург,2026-04-09
8062,Казань,2026-03-08
8063,Москва,2025-07-09
8064,Москва,2025-10-03
8065,Санкт-Петербург,2025-01-15
8066,Новосибирск,2025-04-07
8067,Новосибирск,2026-05-30
8068,Воронеж,2025-12-17
8069,Москва,2025-01-22
8070,Санкт-Петербург,2026-03-08
8071,Воронеж,2025-08-08
8072,Новосибирск,2025-11-06
8073,Екатеринбург,2026-04-12
8074,Казань,2026-04-02
8075,Москва,2025-03-16
8076,Ростов-на-Дону,2025-07-19
8077,Екатеринбург,2025-05-29
8078,Екатеринбург,2026-05-14
8079,Казань,2026-03-02
8080,Санкт-Петербург,2025-12-20
8081,Москва,2025-02-01
8082,Нижний Новгород,2026-03-14
8083,Казань,2025-11-02
8084,Москва,2025-05-29
8085,Санкт-Петербург,2025-08-30
8086,Уфа,2025-09-01
8087,Санкт-Петербург,2025-06-11
8088,Санкт-Петербург,2026-05-11
8089,Екатеринбург,2026-05-16
8090,Самара,2025-01-28
8091,Новосибирск,2026-05-26
8092,Самара,2025-08-09
8093,Москва,2026-03-12
8094,Уфа,2026-03-02
8095,Ростов-на-Дону,2025-11-23
8096,Казань,2026-02-10
8097,Екатеринбург,2026-01-07
8098,Москва,2026-04-10
8099,Санкт-Петербург,2025-08-19
8100,Москва,2026-02-07
8101,Москва,2026-06-18
8102,Воронеж,2026-06-01
8103,Москва,2025-03-22
8104,Екатеринбург,2025-09-29
8105,Санкт-Петербург,2025-10-05
8106,Санкт-Петербург,2025-12-07
8107,Санкт-Петербург,2025-12-19
8108,Санкт-Петербург,2026-04-07
8109,Екатеринбург,2025-10-18
8110,Воронеж,2026-01-18
8111,Санкт-Петербург,2026-05-06
8112,Воронеж,2025-02-25
8113,Новосибирск,2025-12-17
8114,Екатеринбург,2025-07-20
8115,Москва,2026-05-09
8116,Москва,2025-10-29
8117,Самара,2025-11-25
8118,Екатеринбург,2026-02-16
8119,Санкт-Петербург,2025-05-12
8120,Самара,2025-10-24
8121,Санкт-Петербург,2026-02-26
8122,Нижний Новгород,2026-02-28
8123,Санкт-Петербург,2025-05-05
8124,Уфа,2026-04-02
8125,Москва,2025-03-30
8126,Москва,2025-05-25
8127,Новосибирск,2026-04-12
8128,Москва,2025-12-02
8129,Уфа,2025-10-23
8130,Новосибирск,2025-10-31
8131,Москва,2026-06-13
8132,Москва,2025-05-04
8133,Уфа,2025-06-13
8134,Екатеринбург,2025-09-24
8135,Ростов-на-Дону,2026-04-06
8136,Москва,2025-10-26
8137,Уфа,2026-01-31
8138,Казань,2026-03-22
8139,Новосибирск,2026-05-02
8140,Санкт-Петербург,2025-09-09
8141,Москва,2025-09-07
8142,Уфа,2025-02-14
8143,Воронеж,2025-02-13
8144,Санкт-Петербург,2025-09-23
8145,Уфа,2026-02-13
8146,Москва,2026-04-02
8147,Москва,2025-08-11
8148,Москва,2025-11-08
8149,Санкт-Петербург,2026-03-19
8150,Москва,2025-06-23
8151,Санкт-Петербург,2025-03-28
8152,Москва,2026-05-17
8153,Нижний Новгород,2025-10-25
8154,Самара,2025-03-26
8155,Новосибирск,2025-05-18
8156,Москва,2025-06-28
8157,Нижний Новгород,2025-04-20
8158,Москва,2025-08-27
8159,Нижний Новгород,2026-03-19
8160,Екатеринбург,2026-02-07
8161,Санкт-Петербург,2026-05-15
8162,Москва,2026-04-01
8163,Самара,2025-06-19
8164,Уфа,2025-02-01
8165,Новосибирск,2025-03-24
8166,Воронеж,2026-03-08
8167,Уфа,2025-07-05
8168,Москва,2026-01-28
8169,Нижний Новгород,2025-09-07
8170,Санкт-Петербург,2026-05-03
8171,Казань,2025-10-04
8172,Москва,2026-05-06
8173,Воронеж,2025-05-17
8174,Новосибирск,2026-02-28
8175,Москва,2025-10-13
8176,Санкт-Петербург,2025-04-14
8177,Санкт-Петербург,2025-05-08
8178,Нижний Новгород,2025-06-21
8179,Уфа,2025-03-26
8180,Санкт-Петербург,2026-05-26
8181,Казань,2025-04-26
8182,Екатеринбург,2025-11-23
8183,Санкт-Петербург,2025-11-08
8184,Казань,2025-10-21
8185,Москва,2025-12-08
8186,Москва,2026-05-15
8187,Санкт-Петербург,2026-06-12
8188,Уфа,2026-04-22
8189,Санкт-Петербург,2025-09-08
8190,Москва,2026-02-01
8191,Нижний Новгород,2025-04-12
8192,Уфа,2026-04-26
8193,Санкт-Петербург,2025-04-17
8194,Москва,2025-03-04
8195,Новосибирск,2026-03-28
8196,Санкт-Петербург,2026-02-17
8197,Новосибирск,2025-03-17
8198,Москва,2026-06-11
8199,Москва,2025-03-02
8200,Санкт-Петербург,2025-01-27
8201,Новосибирск,2026-06-05
8202,Санкт-Петербург,2025-05-02
8203,Москва,2025-05-08
8204,Казань,2026-03-09
8205,Нижний Новгород,2025-11-27
8206,Москва,2025-10-11
8207,Новосибирск,2026-06-23
8208,Новосибирск,2025-02-17
8209,Санкт-Петербург,2026-05-20
8210,Воронеж,2025-05-27
8211,Ростов-на-Дону,2025-12-06
8212,Санкт-Петербург,2025-06-26
8213,Москва,2025-06-09
8214,Санкт-Петербург,2025-06-24
8215,Москва,2025-11-01
8216,Казань,2026-04-24
8217,Уфа,2025-03-03
8218,Ростов-на-Дону,2025-12-27
8219,Санкт-Петербург,2026-04-14
8220,Санкт-Петербург,2026-02-05
8221,Москва,2026-06-19
8222,Казань,2025-01-08
8223,Москва,2025-07-17
8224,Уфа,2025-08-21
8225,Ростов-на-Дону,2025-10-19
8226,Москва,2025-06-23
8227,Новосибирск,2025-05-18
8228,Екатеринбург,2026-04-10
8229,Самара,2025-05-07
8230,Казань,2026-06-04
8231,Москва,2025-01-21
8232,Екатеринбург,2025-08-19
8233,Москва,2025-11-29
8234,Екатеринбург,2026-06-15
8235,Москва,2026-02-21
8236,Новосибирск,2025-01-08
8237,Самара,2026-02-12
8238,Москва,2025-06-27
8239,Санкт-Петербург,2026-04-14
8240,Нижний Новгород,2026-02-27
8241,Москва,2025-04-15
8242,Екатеринбург,2025-07-16
8243,Новосибирск,2026-03-24
8244,Санкт-Петербург,2026-05-17
8245,Самара,2025-11-25
8246,Казань,2025-04-30
8247,Екатеринбург,2025-08-01
8248,Москва,2026-03-10
8249,Москва,2025-11-23
8250,Москва,2025-04-20
8251,Ростов-на-Дону,2025-06-05
8252,Ростов-на-Дону,2025-04-18
8253,Самара,2025-09-13
8254,Москва,2025-08-31
8255,Казань,2025-10-23
8256,Нижний Новгород,2026-05-30
8257,Новосибирск,2025-12-22
8258,Москва,2025-11-16
8259,Ростов-на-Дону,2025-07-19
8260,Москва,2025-12-13
8261,Москва,2026-06-05
8262,Ростов-на-Дону,2025-01-06
8263,Казань,2025-07-10
8264,Санкт-Петербург,2025-01-31
8265,Казань,2025-04-22
8266,Воронеж,2025-02-06
8267,Москва,2025-11-19
8268,Нижний Новгород,2026-03-23
8269,Санкт-Петербург,2026-05-28
8270,Москва,2025-05-10
8271,Санкт-Петербург,2026-01-17
8272,Казань,2025-06-29
8273,Москва,2025-06-22
8274,Санкт-Петербург,2025-11-29
8275,Екатеринбург,2026-01-06
8276,Екатеринбург,2025-11-15
8277,Новосибирск,2025-02-24
8278,Самара,2025-08-12
8279,Санкт-Петербург,2025-06-05
8280,Санкт-Петербург,2025-01-03
8281,Казань,2025-01-23
8282,Екатеринбург,2025-09-03
8283,Москва,2025-02-24
8284,Санкт-Петербург,2026-02-07
8285,Москва,2025-01-31
8286,Санкт-Петербург,2025-05-09
8287,Воронеж,2026-06-22
8288,Екатеринбург,2026-01-22
8289,Санкт-Петербург,2025-10-31
8290,Екатеринбург,2025-01-09
8291,Новосибирск,2025-01-24
8292,Санкт-Петербург,2026-05-10
8293,Санкт-Петербург,2026-03-12
8294,Новосибирск,2026-06-02
8295,Москва,2026-03-17
8296,Казань,2025-01-02
8297,Казань,2026-03-16
8298,Нижний Новгород,2025-09-07
8299,Воронеж,2026-01-13
8300,Нижний Новгород,2025-08-14
8301,Казань,2026-01-28
8302,Москва,2026-04-04
8303,Екатеринбург,2026-06-16
8304,Самара,2025-10-22
8305,Уфа,2025-06-02
8306,Самара,2025-11-30
8307,Москва,2025-09-30
8308,Новосибирск,2025-04-21
8309,Ростов-на-Дону,2026-01-30
8310,Новосибирск,2025-02-12
8311,Новосибирск,2025-08-08
8312,Казань,2026-01-13
8313,Екатеринбург,2026-05-17
8314,Санкт-Петербург,2025-12-05
8315,Москва,2026-06-18
8316,Самара,2026-03-30
8317,Уфа,2025-05-09
8318,Самара,2026-04-06
8319,Санкт-Петербург,2025-07-03
8320,Москва,2025-12-10
8321,Санкт-Петербург,2025-04-20
8322,Самара,2025-10-21
8323,Новосибирск,2026-01-06
8324,Воронеж,2026-05-14
8325,Санкт-Петербург,2026-05-30
8326,Казань,2026-03-13
8327,Нижний Новгород,2025-11-01
8328,Москва,2026-04-26
8329,Воронеж,2025-02-27
8330,Екатеринбург,2026-06-27
8331,Москва,2025-04-22
8332,Москва,2025-08-08
8333,Ростов-на-Дону,2026-05-10
8334,Екатеринбург,2026-01-26
8335,Нижний Новгород,2026-04-09
8336,Нижний Новгород,2026-01-10
8337,Санкт-Петербург,2025-11-24
8338,Нижний Новгород,2025-04-05
8339,Уфа,2026-06-27
8340,Москва,2025-12-13
8341,Нижний Новгород,2025-12-31
8342,Санкт-Петербург,2025-08-22
8343,Санкт-Петербург,2026-06-03
8344,Санкт-Петербург,2025-09-03
8345,Ростов-на-Дону,2025-04-14
8346,Москва,2025-04-09
8347,Санкт-Петербург,2026-01-16
8348,Новосибирск,2026-02-10
8349,Москва,2025-04-23
8350,Нижний Новгород,2026-01-16
8351,Уфа,2026-06-28
8352,Москва,2025-10-18
8353,Москва,2026-06-13
8354,Воронеж,2025-03-27
8355,Москва,2025-08-08
8356,Москва,2025-10-31
8357,Уфа,2025-07-15
8358,Ростов-на-Дону,2025-02-24
8359,Новосибирск,2025-09-07
8360,Казань,2025-07-04
8361,Уфа,2025-04-22
8362,Новосибирск,2025-07-22
8363,Новосибирск,2025-08-16
8364,Самара,2026-04-27
8365,Новосибирск,2025-09-25
8366,Казань,2025-08-15
8367,Санкт-Петербург,2025-08-01
8368,Казань,2025-11-23
8369,Казань,2025-05-31
8370,Санкт-Петербург,2026-04-22
8371,Санкт-Петербург,2025-08-17
8372,Самара,2025-08-21
8373,Санкт-Петербург,2025-02-04
8374,Москва,2026-04-27
8375,Санкт-Петербург,2025-09-14
8376,Москва,2025-03-16
8377,Нижний Новгород,2025-04-04
8378,Санкт-Петербург,2025-07-18
8379,Санкт-Петербург,2026-03-02
8380,Самара,2025-02-21
8381,Москва,2025-03-07
8382,Москва,2025-11-02
8383,Самара,2025-09-29
8384,Казань,2026-06-06
8385,Нижний Новгород,2026-02-14
8386,Самара,2025-12-25
8387,Уфа,2025-07-03
8388,Москва,2025-12-08
8389,Нижний Новгород,2025-11-15
8390,Новосибирск,2025-06-01
8391,Москва,2025-07-22
8392,Уфа,2026-05-23
8393,Санкт-Петербург,2025-10-21
8394,Ростов-на-Дону,2025-09-14
8395,Екатеринбург,2026-03-11
8396,Казань,2025-05-26
8397,Москва,2025-04-30
8398,Уфа,2026-06-23
8399,Казань,2026-03-14
8400,Москва,2025-08-19
8401,Москва,2026-05-31
8402,Нижний Новгород,2025-07-22
8403,Москва,2026-01-03
8404,Екатеринбург,2025-01-20
8405,Новосибирск,2026-01-16
8406,Москва,2025-04-08
8407,Екатеринбург,2025-05-12
8408,Москва,2026-03-18
8409,Уфа,2025-04-23
8410,Ростов-на-Дону,2025-09-21
8411,Санкт-Петербург,2026-05-17
8412,Казань,2026-06-05
8413,Казань,2025-08-30
8414,Воронеж,2025-02-15
8415,Санкт-Петербург,2025-06-06
8416,Екатеринбург,2025-12-02
8417,Уфа,2025-07-03
8418,Москва,2026-01-28
8419,Казань,2026-06-25
8420,Москва,2025-12-05
8421,Екатеринбург,2025-12-07
8422,Санкт-Петербург,2025-10-16
8423,Воронеж,2025-04-12
8424,Санкт-Петербург,2025-11-12
8425,Москва,2026-05-23
8426,Самара,2026-01-11
8427,Самара,2026-02-14
8428,Новосибирск,2026-04-16
8429,Нижний Новгород,2025-07-31
8430,Москва,2025-07-03
8431,Екатеринбург,2026-06-13
8432,Москва,2025-09-08
8433,Москва,2026-02-04
8434,Уфа,2025-12-13
8435,Нижний Новгород,2025-03-09
8436,Москва,2025-06-21
8437,Москва,2025-06-27
8438,Уфа,2025-04-08
8439,Москва,2026-03-01
8440,Москва,2026-06-11
8441,Москва,2026-06-11
8442,Москва,2025-04-17
8443,Санкт-Петербург,2025-09-02
8444,Воронеж,2025-05-07
8445,Санкт-Петербург,2025-02-04
8446,Казань,2025-12-04
8447,Нижний Новгород,2026-04-14
8448,Казань,2025-02-12
8449,Нижний Новгород,2025-12-16
8450,Новосибирск,2025-01-19
8451,Екатеринбург,2026-04-05
8452,Екатеринбург,2025-02-04
8453,Нижний Новгород,2025-08-26
8454,Новосибирск,2025-03-09
8455,Нижний Новгород,2025-08-13
8456,Москва,2025-08-22
8457,Новосибирск,2025-10-22
8458,Нижний Новгород,2026-03-28
8459,Санкт-Петербург,2026-06-28
8460,Ростов-на-Дону,2025-07-06
8461,Санкт-Петербург,2026-05-19
8462,Москва,2025-08-22
8463,Ростов-на-Дону,2025-03-06
8464,Москва,2025-11-24
8465,Санкт-Петербург,2026-01-29
8466,Санкт-Петербург,2025-06-14
8467,Ростов-на-Дону,2025-11-18
8468,Санкт-Петербург,2025-08-24
8469,Новосибирск,2025-03-21
8470,Нижний Новгород,2025-07-30
8471,Екатеринбург,2025-08-21
8472,Уфа,2025-07-06
8473,Самара,2026-05-14
8474,Санкт-Петербург,2025-07-31
8475,Уфа,2025-12-08
8476,Казань,2025-01-07
8477,Москва,2025-06-20
8478,Москва,2026-04-29
8479,Екатеринбург,2026-05-02
8480,Москва,2026-06-17
8481,Екатеринбург,2025-01-31
8482,Санкт-Петербург,2026-04-16
8483,Казань,2025-05-26
8484,Москва,2025-01-04
8485,Самара,2025-02-20
8486,Санкт-Петербург,2026-02-14
8487,Москва,2025-11-19
8488,Санкт-Петербург,2025-11-09
8489,Казань,2026-04-26
8490,Екатеринбург,2025-02-21
8491,Казань,2025-02-15
8492,Москва,2026-05-24
8493,Ростов-на-Дону,2025-11-27
8494,Санкт-Петербург,2026-02-28
8495,Москва,2025-10-14
8496,Нижний Новгород,2025-03-21
8497,Новосибирск,2025-10-12
8498,Екатеринбург,2026-06-10
8499,Санкт-Петербург,2025-03-06
8500,Санкт-Петербург,2025-03-10
8501,Казань,2025-07-08
8502,Москва,2025-09-05
8503,Санкт-Петербург,2025-12-09
8504,Воронеж,2025-03-28
8505,Новосибирск,2026-05-24
8506,Санкт-Петербург,2025-03-23
8507,Москва,2025-04-20
8508,Нижний Новгород,2026-06-12
8509,Москва,2025-07-25
8510,Москва,2025-11-08
8511,Москва,2025-08-26
8512,Новосибирск,2025-05-22
8513,Екатеринбург,2025-10-04
8514,Москва,2026-02-28
8515,Москва,2025-01-07
8516,Екатеринбург,2026-04-23
8517,Екатеринбург,2025-04-11
8518,Новосибирск,2026-05-16
8519,Москва,2026-06-09
8520,Новосибирск,2026-05-24
8521,Уфа,2025-12-21
8522,Екатеринбург,2026-05-09
8523,Москва,2026-04-14
8524,Новосибирск,2025-12-15
8525,Санкт-Петербург,2026-05-02
8526,Москва,2025-07-06
8527,Санкт-Петербург,2026-03-31
8528,Ростов-на-Дону,2026-05-20
8529,Санкт-Петербург,2025-12-13
8530,Ростов-на-Дону,2025-03-08
8531,Казань,2025-04-27
8532,Казань,2025-04-02
8533,Москва,2025-10-18
8534,Екатеринбург,2025-08-25
8535,Москва,2026-03-27
8536,Казань,2025-06-04
8537,Москва,2025-04-01
8538,Санкт-Петербург,2025-12-02
8539,Казань,2025-03-17
8540,Москва,2026-05-09
8541,Санкт-Петербург,2025-02-14
8542,Воронеж,2025-09-25
8543,Москва,2026-06-02
8544,Санкт-Петербург,2025-10-29
8545,Санкт-Петербург,2026-03-17
8546,Санкт-Петербург,2025-08-19
8547,Новосибирск,2026-02-16
8548,Москва,2026-01-21
8549,Казань,2025-10-07
8550,Екатеринбург,2025-02-24
8551,Санкт-Петербург,2026-06-14
8552,Уфа,2025-01-27
8553,Воронеж,2025-07-14
8554,Москва,2025-12-16
8555,Санкт-Петербург,2026-02-24
8556,Москва,2025-10-19
8557,Москва,2025-08-07
8558,Казань,2025-08-11
8559,Екатеринбург,2026-06-16
8560,Санкт-Петербург,2025-07-02
8561,Москва,2026-04-11
8562,Москва,2025-01-29
8563,Воронеж,2025-12-26
8564,Уфа,2026-01-06
8565,Москва,2026-01-04
8566,Новосибирск,2025-08-18
8567,Санкт-Петербург,2026-01-12
8568,Новосибирск,2025-08-31
8569,Екатеринбург,2025-11-20
8570,Ростов-на-Дону,2026-05-02
8571,Москва,2026-01-02
8572,Санкт-Петербург,2026-02-06
8573,Воронеж,2026-06-13
8574,Москва,2025-04-30
8575,Москва,2025-11-17
8576,Новосибирск,2025-12-25
8577,Нижний Новгород,2026-01-14
8578,Новосибирск,2025-03-14
8579,Нижний Новгород,2026-02-19
8580,Новосибирск,2025-04-16
8581,Москва,2025-08-11
8582,Екатеринбург,2026-01-25
8583,Нижний Новгород,2025-05-24
8584,Ростов-на-Дону,2025-03-10
8585,Москва,2026-01-04
8586,Москва,2025-06-02
8587,Нижний Новгород,2026-03-27
8588,Москва,2026-05-05
8589,Москва,2025-07-10
8590,Самара,2026-02-07
8591,Казань,2025-05-03
8592,Санкт-Петербург,2026-05-22
8593,Москва,2025-05-14
8594,Москва,2026-04-26
8595,Нижний Новгород,2026-03-05
8596,Казань,2025-06-20
8597,Москва,2026-03-26
8598,Санкт-Петербург,2025-12-11
8599,Москва,2025-12-31
8600,Москва,2025-07-26
8601,Москва,2025-05-08
8602,Казань,2026-01-15
8603,Москва,2025-01-29
8604,Санкт-Петербург,2025-07-09
8605,Казань,2025-03-19
8606,Санкт-Петербург,2025-01-01
8607,Москва,2025-01-05
8608,Москва,2025-02-21
8609,Москва,2026-05-28
8610,Санкт-Петербург,2026-02-25
8611,Новосибирск,2026-06-24
8612,Москва,2025-02-15
8613,Нижний Новгород,2026-06-28
8614,Новосибирск,2025-11-23
8615,Москва,2026-03-09
8616,Москва,2026-04-13
8617,Москва,2025-05-23
8618,Москва,2026-02-08
8619,Казань,2025-12-19
8620,Москва,2025-08-14
8621,Самара,2025-09-26
8622,Казань,2025-04-24
8623,Новосибирск,2025-04-11
8624,Нижний Новгород,2026-05-18
8625,Казань,2026-02-03
8626,Уфа,2025-11-05
8627,Воронеж,2026-01-14
8628,Санкт-Петербург,2025-08-09
8629,Москва,2025-05-17
8630,Санкт-Петербург,2026-05-29
8631,Москва,2026-06-24
8632,Казань,2025-04-28
8633,Санкт-Петербург,2026-03-14
8634,Казань,2025-08-30
8635,Нижний Новгород,2026-01-21
8636,Москва,2025-03-01
8637,Казань,2025-09-19
8638,Санкт-Петербург,2025-03-10
8639,Нижний Новгород,2026-03-20
8640,Екатеринбург,2025-08-06
8641,Москва,2025-05-24
8642,Новосибирск,2026-01-17
8643,Москва,2026-06-05
8644,Новосибирск,2025-07-04
8645,Екатеринбург,2026-01-27
8646,Санкт-Петербург,2026-01-11
8647,Новосибирск,2025-09-25
8648,Самара,2026-03-15
8649,Нижний Новгород,2025-03-11
8650,Казань,2026-04-24
8651,Новосибирск,2025-08-09
8652,Санкт-Петербург,2025-01-25
8653,Нижний Новгород,2026-06-24
8654,Самара,2026-02-26
8655,Москва,2026-03-21
8656,Москва,2025-03-22
8657,Москва,2026-02-14
8658,Москва,2026-01-16
8659,Санкт-Петербург,2026-05-07
8660,Москва,2025-07-22
8661,Екатеринбург,2026-05-21
8662,Москва,2026-01-21
8663,Москва,2025-05-19
8664,Новосибирск,2025-04-27
8665,Санкт-Петербург,2026-05-08
8666,Санкт-Петербург,2025-12-18
8667,Нижний Новгород,2025-03-06
8668,Воронеж,2025-03-10
8669,Екатеринбург,2026-03-28
8670,Москва,2025-04-03
8671,Москва,2025-04-30
8672,Воронеж,2025-12-01
8673,Новосибирск,2026-04-16
8674,Нижний Новгород,2025-07-03
8675,Новосибирск,2025-12-29
8676,Москва,2026-01-19
8677,Санкт-Петербург,2025-11-24
8678,Нижний Новгород,2026-01-09
8679,Ростов-на-Дону,2025-05-05
8680,Москва,2025-12-05
8681,Екатеринбург,2025-01-02
8682,Москва,2026-02-03
8683,Уфа,2026-03-08
8684,Москва,2026-03-09
8685,Новосибирск,2025-01-17
8686,Москва,2026-05-12
8687,Екатеринбург,2025-08-25
8688,Новосибирск,2025-02-13
8689,Санкт-Петербург,2025-10-19
8690,Самара,2025-08-08
8691,Ростов-на-Дону,2026-02-13
8692,Самара,2025-10-24
8693,Санкт-Петербург,2025-04-29
8694,Нижний Новгород,2025-12-04
8695,Казань,2025-05-24
8696,Екатеринбург,2025-03-06
8697,Казань,2025-05-26
8698,Екатеринбург,2026-05-09
8699,Москва,2025-11-08
8700,Санкт-Петербург,2025-06-23
8701,Москва,2025-07-19
8702,Санкт-Петербург,2026-04-14
8703,Москва,2025-12-30
8704,Москва,2026-02-26
8705,Нижний Новгород,2025-11-29
8706,Казань,2026-06-25
8707,Москва,2025-12-25
8708,Нижний Новгород,2025-08-07
8709,Ростов-на-Дону,2025-05-18
8710,Ростов-на-Дону,2025-01-26
8711,Самара,2026-02-23
8712,Воронеж,2026-05-24
8713,Екатеринбург,2025-12-28
8714,Воронеж,2025-09-23
8715,Уфа,2025-03-13
8716,Санкт-Петербург,2025-12-17
8717,Ростов-на-Дону,2025-04-20
8718,Нижний Новгород,2025-12-06
8719,Нижний Новгород,2025-06-14
8720,Ростов-на-Дону,2026-04-17
8721,Санкт-Петербург,2026-05-26
8722,Санкт-Петербург,2025-05-08
8723,Екатеринбург,2025-06-27
8724,Нижний Новгород,2026-05-18
8725,Ростов-на-Дону,2025-01-11
8726,Ростов-на-Дону,2025-10-09
8727,Новосибирск,2025-03-19
8728,Уфа,2025-08-24
8729,Москва,2025-01-18
8730,Уфа,2025-03-18
8731,Москва,2025-08-08
8732,Казань,2025-02-02
8733,Москва,2026-03-11
8734,Екатеринбург,2025-11-12
8735,Санкт-Петербург,2025-09-03
8736,Москва,2025-09-15
8737,Екатеринбург,2026-04-03
8738,Нижний Новгород,2026-04-06
8739,Москва,2025-01-26
8740,Новосибирск,2026-01-09
8741,Москва,2025-09-13
8742,Москва,2026-03-03
8743,Москва,2026-03-05
8744,Екатеринбург,2026-01-22
8745,Нижний Новгород,2026-01-03
8746,Екатеринбург,2025-04-26
8747,Самара,2026-04-10
8748,Екатеринбург,2026-01-17
8749,Нижний Новгород,2025-05-30
8750,Воронеж,2025-05-07
8751,Санкт-Петербург,2025-09-30
8752,Москва,2025-07-06
8753,Москва,2026-01-04
8754,Екатеринбург,2025-08-10
8755,Казань,2025-04-02
8756,Москва,2025-08-04
8757,Ростов-на-Дону,2026-03-21
8758,Уфа,2026-03-29
8759,Москва,2025-06-19
8760,Москва,2026-03-10
8761,Москва,2025-02-20
8762,Санкт-Петербург,2026-06-21
8763,Самара,2026-02-22
8764,Екатеринбург,2025-01-23
8765,Москва,2026-01-20
8766,Казань,2025-09-27
8767,Москва,2026-04-27
8768,Санкт-Петербург,2025-05-11
8769,Санкт-Петербург,2026-05-02
8770,Екатеринбург,2026-04-20
8771,Казань,2025-06-01
8772,Ростов-на-Дону,2025-08-24
8773,Москва,2025-12-16
8774,Нижний Новгород,2025-05-11
8775,Москва,2026-06-29
8776,Санкт-Петербург,2025-04-15
8777,Ростов-на-Дону,2025-05-13
8778,Новосибирск,2025-09-30
8779,Москва,2025-09-15
8780,Казань,2025-01-28
8781,Новосибирск,2026-05-12
8782,Уфа,2025-05-11
8783,Екатеринбург,2025-02-26
8784,Москва,2025-10-10
8785,Казань,2026-05-21
8786,Москва,2025-01-02
8787,Москва,2025-09-24
8788,Екатеринбург,2026-05-12
8789,Нижний Новгород,2026-05-02
8790,Москва,2025-04-04
8791,Нижний Новгород,2025-12-05
8792,Новосибирск,2026-04-01
8793,Нижний Новгород,2026-01-01
8794,Москва,2025-12-25
8795,Санкт-Петербург,2026-02-26
8796,Москва,2025-09-05
8797,Москва,2025-02-06
8798,Санкт-Петербург,2025-12-15
8799,Санкт-Петербург,2025-12-09
8800,Москва,2026-04-10
8801,Москва,2026-05-19
8802,Ростов-на-Дону,2025-07-04
8803,Нижний Новгород,2026-06-06
8804,Санкт-Петербург,2025-01-06
8805,Уфа,2026-06-12
8806,Москва,2025-03-16
8807,Санкт-Петербург,2025-12-18
8808,Самара,2026-01-08
8809,Санкт-Петербург,2025-12-12
8810,Москва,2026-06-25
8811,Санкт-Петербург,2025-10-29
8812,Казань,2025-03-13
8813,Екатеринбург,2025-11-28
8814,Санкт-Петербург,2025-06-08
8815,Санкт-Петербург,2025-11-30
8816,Москва,2025-07-27
8817,Казань,2025-01-24
8818,Москва,2025-12-14
8819,Ростов-на-Дону,2025-02-18
8820,Нижний Новгород,2025-06-28
8821,Санкт-Петербург,2025-12-04
8822,Нижний Новгород,2026-04-26
8823,Москва,2025-06-21
8824,Санкт-Петербург,2025-06-12
8825,Санкт-Петербург,2025-06-14
8826,Казань,2025-11-10
8827,Нижний Новгород,2025-04-16
8828,Воронеж,2025-10-15
8829,Санкт-Петербург,2026-03-13
8830,Санкт-Петербург,2025-02-13
8831,Екатеринбург,2026-06-10
8832,Санкт-Петербург,2025-10-17
8833,Москва,2025-12-09
8834,Воронеж,2025-12-03
8835,Самара,2026-05-31
8836,Уфа,2025-12-29
8837,Москва,2026-04-27
8838,Москва,2025-06-05
8839,Санкт-Петербург,2025-04-29
8840,Уфа,2025-12-17
8841,Москва,2025-03-25
8842,Москва,2025-03-02
8843,Москва,2025-04-26
8844,Нижний Новгород,2025-05-28
8845,Нижний Новгород,2025-02-22
8846,Новосибирск,2026-02-02
8847,Москва,2025-11-14
8848,Новосибирск,2025-04-20
8849,Санкт-Петербург,2025-06-04
8850,Москва,2026-05-22
8851,Санкт-Петербург,2026-05-13
8852,Казань,2025-03-09
8853,Санкт-Петербург,2025-12-01
8854,Воронеж,2025-06-26
8855,Казань,2025-07-15
8856,Санкт-Петербург,2025-11-23
8857,Новосибирск,2026-06-21
8858,Новосибирск,2025-11-14
8859,Москва,2026-06-04
8860,Екатеринбург,2026-03-24
8861,Москва,2026-03-01
8862,Санкт-Петербург,2026-03-07
8863,Новосибирск,2026-03-08
8864,Казань,2025-05-20
8865,Санкт-Петербург,2026-06-17
8866,Москва,2026-05-16
8867,Казань,2025-11-24
8868,Санкт-Петербург,2026-01-23
8869,Уфа,2026-04-25
8870,Казань,2025-03-25
8871,Ростов-на-Дону,2025-02-05
8872,Санкт-Петербург,2026-06-27
8873,Самара,2025-10-29
8874,Москва,2026-01-29
8875,Санкт-Петербург,2025-10-01
8876,Москва,2025-10-09
8877,Москва,2025-01-21
8878,Уфа,2025-06-07
8879,Новосибирск,2025-02-17
8880,Екатеринбург,2025-08-24
8881,Казань,2025-01-12
8882,Екатеринбург,2026-03-14
8883,Екатеринбург,2025-06-10
8884,Самара,2026-02-08
8885,Екатеринбург,2025-01-30
8886,Нижний Новгород,2025-01-19
8887,Санкт-Петербург,2025-08-19
8888,Воронеж,2026-03-06
8889,Москва,2026-03-19
8890,Санкт-Петербург,2025-10-24
8891,Ростов-на-Дону,2025-12-01
8892,Москва,2026-01-11
8893,Москва,2026-01-03
8894,Санкт-Петербург,2026-02-08
8895,Санкт-Петербург,2025-01-18
8896,Уфа,2025-08-22
8897,Самара,2026-04-03
8898,Казань,2025-08-28
8899,Воронеж,2025-03-21
8900,Екатеринбург,2025-12-29
8901,Ростов-на-Дону,2025-06-14
8902,Москва,2025-10-06
8903,Казань,2025-10-09
8904,Москва,2026-01-15
8905,Москва,2026-05-22
8906,Новосибирск,2026-01-14
8907,Москва,2026-06-28
8908,Казань,2025-01-11
8909,Новосибирск,2026-03-03
8910,Москва,2025-08-16
8911,Санкт-Петербург,2026-02-02
8912,Новосибирск,2025-02-16
8913,Ростов-на-Дону,2025-10-15
8914,Санкт-Петербург,2025-01-17
8915,Воронеж,2025-12-29
8916,Самара,2025-04-29
8917,Новосибирск,2025-03-20
8918,Санкт-Петербург,2025-02-13
8919,Новосибирск,2025-05-27
8920,Самара,2026-06-08
8921,Санкт-Петербург,2026-06-21
8922,Воронеж,2025-02-13
8923,Ростов-на-Дону,2026-06-18
8924,Казань,2025-11-17
8925,Новосибирск,2025-06-26
8926,Казань,2026-05-29
8927,Нижний Новгород,2025-05-12
8928,Самара,2025-04-10
8929,Москва,2025-05-06
8930,Москва,2025-03-21
8931,Санкт-Петербург,2025-09-22
8932,Уфа,2025-03-18
8933,Санкт-Петербург,2025-05-02
8934,Ростов-на-Дону,2025-07-22
8935,Казань,2025-12-20
8936,Санкт-Петербург,2026-04-13
8937,Ростов-на-Дону,2025-02-10
8938,Екатеринбург,2025-12-10
8939,Санкт-Петербург,2025-02-26
8940,Москва,2026-06-24
8941,Москва,2025-05-31
8942,Москва,2026-04-12
8943,Санкт-Петербург,2026-02-28
8944,Екатеринбург,2025-06-26
8945,Санкт-Петербург,2025-06-26
8946,Москва,2025-06-22
8947,Москва,2025-09-14
8948,Санкт-Петербург,2025-08-29
8949,Воронеж,2025-12-24
8950,Санкт-Петербург,2025-09-11
8951,Москва,2026-03-06
8952,Екатеринбург,2025-09-12
8953,Уфа,2025-06-17
8954,Нижний Новгород,2025-06-28
8955,Самара,2026-02-03
8956,Уфа,2025-03-18
8957,Екатеринбург,2025-06-05
8958,Воронеж,2025-06-19
8959,Москва,2025-12-18
8960,Самара,2025-03-12
8961,Самара,2025-09-03
8962,Уфа,2026-01-03
8963,Казань,2026-05-21
8964,Нижний Новгород,2025-08-27
8965,Москва,2026-06-20
8966,Екатеринбург,2025-11-28
8967,Санкт-Петербург,2026-02-26
8968,Екатеринбург,2025-05-13
8969,Новосибирск,2026-05-14
8970,Санкт-Петербург,2025-05-22
8971,Москва,2025-03-16
8972,Санкт-Петербург,2025-02-13
8973,Новосибирск,2025-12-23
8974,Новосибирск,2025-12-09
8975,Нижний Новгород,2025-04-19
8976,Москва,2026-04-24
8977,Самара,2025-05-31
8978,Новосибирск,2025-11-29
8979,Москва,2025-10-12
8980,Санкт-Петербург,2025-11-19
8981,Казань,2026-02-09
8982,Санкт-Петербург,2026-05-21
8983,Москва,2026-01-29
8984,Москва,2026-05-10
8985,Москва,2026-04-19
8986,Москва,2025-07-15
8987,Москва,2025-11-01
8988,Самара,2025-04-18
8989,Казань,2026-05-20
8990,Санкт-Петербург,2026-06-12
8991,Новосибирск,2026-04-29
8992,Казань,2026-02-09
8993,Москва,2026-04-08
8994,Москва,2026-03-09
8995,Москва,2025-05-06
8996,Екатеринбург,2025-05-24
8997,Казань,2025-10-17
8998,Санкт-Петербург,2025-08-18
8999,Казань,2026-02-06
9000,Воронеж,2026-02-06
9001,Санкт-Петербург,2026-06-16
9002,Казань,2026-03-06
9003,Казань,2025-01-07
9004,Новосибирск,2025-07-05
9005,Нижний Новгород,2025-06-28
9006,Новосибирск,2025-12-12
9007,Москва,2025-07-06
9008,Санкт-Петербург,2026-06-18
9009,Самара,2025-06-07
9010,Санкт-Петербург,2025-08-27
9011,Воронеж,2026-03-22
9012,Санкт-Петербург,2025-07-20
9013,Казань,2025-01-25
9014,Казань,2025-07-01
9015,Санкт-Петербург,2025-07-15
9016,Самара,2025-11-30
9017,Москва,2026-01-23
9018,Екатеринбург,2025-10-27
9019,Екатеринбург,2025-08-10
9020,Самара,2025-10-02
9021,Екатеринбург,2025-03-20
9022,Воронеж,2025-04-09
9023,Ростов-на-Дону,2025-11-29
9024,Санкт-Петербург,2026-04-17
9025,Самара,2025-10-12
9026,Уфа,2025-02-02
9027,Москва,2026-06-20
9028,Екатеринбург,2025-06-26
9029,Санкт-Петербург,2026-02-12
9030,Екатеринбург,2026-05-05
9031,Москва,2026-06-22
9032,Нижний Новгород,2025-03-05
9033,Санкт-Петербург,2025-04-12
9034,Екатеринбург,2025-12-18
9035,Москва,2026-02-20
9036,Новосибирск,2026-03-31
9037,Казань,2025-10-28
9038,Екатеринбург,2025-03-28
9039,Санкт-Петербург,2026-01-24
9040,Москва,2025-12-31
9041,Санкт-Петербург,2025-09-12
9042,Уфа,2025-12-14
9043,Москва,2025-04-26
9044,Новосибирск,2026-03-18
9045,Москва,2026-04-03
9046,Новосибирск,2026-04-02
9047,Москва,2026-01-10
9048,Санкт-Петербург,2026-03-21
9049,Санкт-Петербург,2026-05-13
9050,Москва,2025-03-30
9051,Санкт-Петербург,2025-10-24
9052,Санкт-Петербург,2025-12-18
9053,Казань,2026-05-29
9054,Воронеж,2026-02-07
9055,Казань,2025-11-20
9056,Уфа,2025-10-31
9057,Казань,2025-03-20
9058,Москва,2025-06-22
9059,Москва,2025-08-25
9060,Санкт-Петербург,2026-04-26
9061,Санкт-Петербург,2026-04-15
9062,Ростов-на-Дону,2025-12-17
9063,Новосибирск,2025-02-27
9064,Екатеринбург,2026-01-28
9065,Казань,2025-09-08
9066,Санкт-Петербург,2025-12-22
9067,Екатеринбург,2025-08-25
9068,Москва,2026-01-29
9069,Москва,2025-04-29
9070,Санкт-Петербург,2025-03-21
9071,Москва,2025-04-30
9072,Новосибирск,2026-05-18
9073,Москва,2025-02-11
9074,Москва,2025-06-05
9075,Ростов-на-Дону,2025-07-06
9076,Воронеж,2026-04-01
9077,Казань,2025-07-15
9078,Казань,2026-05-02
9079,Нижний Новгород,2026-06-23
9080,Москва,2025-12-21
9081,Санкт-Петербург,2025-07-06
9082,Москва,2025-11-23
9083,Санкт-Петербург,2025-12-31
9084,Воронеж,2025-03-01
9085,Нижний Новгород,2026-03-30
9086,Воронеж,2025-08-26
9087,Нижний Новгород,2026-04-06
9088,Екатеринбург,2025-11-30
9089,Нижний Новгород,2026-04-15
9090,Новосибирск,2025-02-14
9091,Казань,2025-01-24
9092,Санкт-Петербург,2025-03-02
9093,Казань,2026-04-22
9094,Москва,2026-06-26
9095,Казань,2026-06-29
9096,Москва,2025-07-01
9097,Екатеринбург,2025-05-25
9098,Москва,2025-07-10
9099,Санкт-Петербург,2026-03-22
9100,Казань,2025-05-18
9101,Москва,2025-10-26
9102,Воронеж,2025-12-19
9103,Санкт-Петербург,2025-07-16
9104,Санкт-Петербург,2025-09-15
9105,Москва,2025-12-29
9106,Самара,2026-03-07
9107,Екатеринбург,2025-04-14
9108,Санкт-Петербург,2025-10-07
9109,Москва,2025-03-26
9110,Нижний Новгород,2025-01-09
9111,Уфа,2025-12-18
9112,Санкт-Петербург,2025-09-21
9113,Москва,2025-05-22
9114,Москва,2025-01-31
9115,Москва,2026-05-31
9116,Нижний Новгород,2026-03-27
9117,Воронеж,2026-05-25
9118,Воронеж,2025-03-03
9119,Нижний Новгород,2025-01-08
9120,Москва,2025-04-29
9121,Воронеж,2025-02-24
9122,Санкт-Петербург,2025-09-08
9123,Санкт-Петербург,2025-12-18
9124,Новосибирск,2025-04-17
9125,Москва,2025-08-05
9126,Самара,2025-10-21
9127,Воронеж,2025-06-22
9128,Нижний Новгород,2025-09-09
9129,Нижний Новгород,2025-11-18
9130,Санкт-Петербург,2026-06-04
9131,Москва,2025-06-19
9132,Нижний Новгород,2025-02-18
9133,Екатеринбург,2026-04-19
9134,Ростов-на-Дону,2025-11-11
9135,Москва,2025-09-15
9136,Санкт-Петербург,2026-01-28
9137,Санкт-Петербург,2026-06-19
9138,Новосибирск,2025-03-11
9139,Нижний Новгород,2026-04-15
9140,Воронеж,2025-12-13
9141,Санкт-Петербург,2025-11-16
9142,Казань,2026-04-17
9143,Москва,2025-06-15
9144,Москва,2026-03-06
9145,Санкт-Петербург,2025-11-07
9146,Екатеринбург,2026-05-25
9147,Казань,2025-09-12
9148,Санкт-Петербург,2026-01-28
9149,Екатеринбург,2025-09-29
9150,Самара,2025-08-03
9151,Москва,2025-07-24
9152,Санкт-Петербург,2026-05-17
9153,Новосибирск,2026-04-02
9154,Нижний Новгород,2025-05-03
9155,Самара,2026-04-17
9156,Москва,2025-11-15
9157,Казань,2025-02-26
9158,Ростов-на-Дону,2026-02-22
9159,Санкт-Петербург,2025-03-30
9160,Санкт-Петербург,2026-04-21
9161,Воронеж,2025-09-05
9162,Москва,2026-05-15
9163,Новосибирск,2025-09-21
9164,Самара,2025-02-16
9165,Москва,2026-02-22
9166,Новосибирск,2026-01-31
9167,Казань,2025-06-14
9168,Самара,2025-04-22
9169,Ростов-на-Дону,2026-04-16
9170,Ростов-на-Дону,2026-03-01
9171,Москва,2025-06-12
9172,Нижний Новгород,2026-01-17
9173,Уфа,2025-05-12
9174,Екатеринбург,2025-04-09
9175,Екатеринбург,2025-12-28
9176,Москва,2026-03-30
9177,Самара,2026-05-16
9178,Москва,2025-09-09
9179,Санкт-Петербург,2025-03-20
9180,Уфа,2025-10-24
9181,Уфа,2026-01-07
9182,Воронеж,2026-06-14
9183,Казань,2025-03-03
9184,Москва,2025-12-24
9185,Казань,2025-10-07
9186,Москва,2025-11-17
9187,Ростов-на-Дону,2025-02-20
9188,Екатеринбург,2025-01-10
9189,Санкт-Петербург,2025-11-27
9190,Москва,2025-04-19
9191,Санкт-Петербург,2025-12-01
9192,Ростов-на-Дону,2025-01-15
9193,Новосибирск,2026-03-13
9194,Москва,2025-07-01
9195,Москва,2025-09-03
9196,Санкт-Петербург,2025-07-07
9197,Москва,2025-08-16
9198,Уфа,2025-10-17
9199,Новосибирск,2025-12-18
9200,Москва,2026-01-11
9201,Нижний Новгород,2026-06-24
9202,Санкт-Петербург,2025-04-08
9203,Москва,2026-04-21
9204,Екатеринбург,2025-11-24
9205,Москва,2025-06-18
9206,Казань,2026-05-15
9207,Самара,2026-01-21
9208,Уфа,2025-04-11
9209,Санкт-Петербург,2025-04-06
9210,Екатеринбург,2025-12-26
9211,Москва,2026-02-02
9212,Екатеринбург,2025-01-25
9213,Москва,2025-12-09
9214,Екатеринбург,2025-10-17
9215,Москва,2026-06-13
9216,Уфа,2026-02-09
9217,Ростов-на-Дону,2026-05-11
9218,Санкт-Петербург,2025-01-19
9219,Нижний Новгород,2026-02-21
9220,Москва,2025-07-01
9221,Нижний Новгород,2025-10-29
9222,Санкт-Петербург,2026-04-24
9223,Москва,2026-04-20
9224,Новосибирск,2025-05-03
9225,Казань,2025-05-11
9226,Казань,2026-01-29
9227,Казань,2026-04-24
9228,Москва,2025-11-30
9229,Москва,2025-01-30
9230,Екатеринбург,2025-03-31
9231,Екатеринбург,2026-02-13
9232,Москва,2026-02-09
9233,Санкт-Петербург,2026-05-04
9234,Екатеринбург,2025-10-17
9235,Новосибирск,2025-08-22
9236,Самара,2025-03-03
9237,Санкт-Петербург,2026-03-03
9238,Казань,2026-06-02
9239,Екатеринбург,2025-01-25
9240,Санкт-Петербург,2025-09-26
9241,Москва,2025-07-13
9242,Москва,2026-02-11
9243,Самара,2026-02-21
9244,Москва,2025-04-29
9245,Екатеринбург,2026-06-03
9246,Екатеринбург,2025-03-16
9247,Санкт-Петербург,2026-03-02
9248,Самара,2026-02-09
9249,Новосибирск,2025-03-30
9250,Москва,2026-01-03
9251,Нижний Новгород,2025-05-28
9252,Казань,2025-05-30
9253,Санкт-Петербург,2025-02-17
9254,Новосибирск,2026-02-11
9255,Новосибирск,2026-03-17
9256,Санкт-Петербург,2025-10-03
9257,Воронеж,2026-02-27
9258,Екатеринбург,2025-07-09
9259,Екатеринбург,2025-11-05
9260,Москва,2026-03-05
9261,Москва,2025-08-23
9262,Санкт-Петербург,2025-12-03
9263,Екатеринбург,2025-03-21
9264,Казань,2025-10-04
9265,Нижний Новгород,2026-04-09
9266,Москва,2026-02-26
9267,Новосибирск,2025-06-13
9268,Самара,2025-10-24
9269,Нижний Новгород,2025-12-04
9270,Нижний Новгород,2026-05-27
9271,Ростов-на-Дону,2026-03-28
9272,Москва,2026-03-22
9273,Новосибирск,2026-02-15
9274,Воронеж,2025-07-15
9275,Екатеринбург,2025-07-25
9276,Москва,2025-09-11
9277,Воронеж,2025-08-21
9278,Москва,2026-06-06
9279,Санкт-Петербург,2026-04-23
9280,Москва,2026-05-03
9281,Казань,2025-11-28
9282,Санкт-Петербург,2025-04-15
9283,Казань,2025-03-20
9284,Уфа,2025-05-30
9285,Казань,2025-12-21
9286,Казань,2025-07-18
9287,Ростов-на-Дону,2025-12-24
9288,Самара,2026-04-25
9289,Москва,2025-07-02
9290,Москва,2026-05-21
9291,Екатеринбург,2025-10-07
9292,Самара,2026-03-14
9293,Казань,2025-02-02
9294,Москва,2025-05-31
9295,Нижний Новгород,2026-05-23
9296,Новосибирск,2026-04-29
9297,Екатеринбург,2025-11-08
9298,Ростов-на-Дону,2025-01-18
9299,Нижний Новгород,2025-02-02
9300,Новосибирск,2025-08-19
9301,Новосибирск,2026-05-05
9302,Новосибирск,2025-07-25
9303,Казань,2026-04-27
9304,Казань,2025-10-19
9305,Новосибирск,2025-03-15
9306,Екатеринбург,2025-11-02
9307,Казань,2025-07-18
9308,Москва,2025-05-03
9309,Новосибирск,2026-01-03
9310,Екатеринбург,2025-04-22
9311,Санкт-Петербург,2026-05-09
9312,Санкт-Петербург,2026-03-14
9313,Москва,2026-03-03
9314,Воронеж,2025-02-11
9315,Ростов-на-Дону,2026-06-08
9316,Екатеринбург,2025-09-26
9317,Санкт-Петербург,2026-02-04
9318,Нижний Новгород,2025-04-15
9319,Казань,2026-02-23
9320,Воронеж,2025-06-24
9321,Москва,2026-01-21
9322,Москва,2025-06-01
9323,Екатеринбург,2026-05-24
9324,Москва,2026-01-22
9325,Екатеринбург,2025-09-04
9326,Нижний Новгород,2025-09-06
9327,Москва,2025-01-01
9328,Санкт-Петербург,2025-06-13
9329,Новосибирск,2026-03-07
9330,Самара,2026-03-30
9331,Казань,2026-06-29
9332,Москва,2025-02-16
9333,Екатеринбург,2025-05-17
9334,Санкт-Петербург,2026-02-22
9335,Нижний Новгород,2025-07-16
9336,Казань,2025-05-16
9337,Москва,2025-06-03
9338,Нижний Новгород,2026-05-16
9339,Казань,2026-04-13
9340,Москва,2025-01-04
9341,Екатеринбург,2026-04-04
9342,Уфа,2025-10-31
9343,Новосибирск,2026-04-06
9344,Санкт-Петербург,2025-12-06
9345,Новосибирск,2026-01-11
9346,Санкт-Петербург,2025-11-11
9347,Казань,2026-02-05
9348,Казань,2026-03-21
9349,Москва,2025-10-04
9350,Санкт-Петербург,2025-03-03
9351,Уфа,2025-02-20
9352,Москва,2025-08-15
9353,Самара,2025-09-15
9354,Новосибирск,2026-04-16
9355,Казань,2025-01-19
9356,Москва,2026-04-30
9357,Москва,2025-01-31
9358,Москва,2025-09-29
9359,Екатеринбург,2025-08-19
9360,Воронеж,2025-11-01
9361,Ростов-на-Дону,2025-01-24
9362,Москва,2026-02-21
9363,Москва,2025-03-15
9364,Москва,2026-03-01
9365,Воронеж,2025-11-05
9366,Москва,2026-04-30
9367,Москва,2026-06-18
9368,Екатеринбург,2026-04-05
9369,Казань,2025-09-04
9370,Москва,2025-08-14
9371,Новосибирск,2025-12-28
9372,Москва,2025-12-21
9373,Москва,2026-03-07
9374,Москва,2025-09-21
9375,Санкт-Петербург,2025-09-10
9376,Воронеж,2025-03-06
9377,Казань,2025-04-03
9378,Нижний Новгород,2026-03-24
9379,Санкт-Петербург,2026-06-24
9380,Новосибирск,2025-11-24
9381,Воронеж,2025-07-07
9382,Санкт-Петербург,2025-02-01
9383,Воронеж,2025-01-24
9384,Екатеринбург,2026-01-04
9385,Нижний Новгород,2025-12-16
9386,Москва,2025-06-04
9387,Екатеринбург,2025-04-13
9388,Казань,2025-02-07
9389,Уфа,2026-01-07
9390,Ростов-на-Дону,2025-11-27
9391,Санкт-Петербург,2025-07-01
9392,Уфа,2026-02-04
9393,Ростов-на-Дону,2026-04-06
9394,Екатеринбург,2025-10-09
9395,Москва,2025-05-24
9396,Москва,2025-01-04
9397,Москва,2026-03-10
9398,Москва,2025-11-11
9399,Воронеж,2025-07-09
9400,Москва,2025-01-04
9401,Новосибирск,2026-03-20
9402,Екатеринбург,2026-05-20
9403,Екатеринбург,2025-09-20
9404,Москва,2025-05-26
9405,Екатеринбург,2025-12-04
9406,Екатеринбург,2026-04-20
9407,Екатеринбург,2025-11-17
9408,Москва,2025-01-07
9409,Новосибирск,2025-04-17
9410,Москва,2025-02-22
9411,Екатеринбург,2025-08-13
9412,Санкт-Петербург,2025-09-04
9413,Москва,2025-10-19
9414,Самара,2026-02-18
9415,Москва,2025-03-03
9416,Уфа,2026-05-29
9417,Ростов-на-Дону,2025-05-24
9418,Санкт-Петербург,2025-10-11
9419,Санкт-Петербург,2025-04-25
9420,Москва,2025-07-13
9421,Уфа,2026-03-30
9422,Екатеринбург,2025-01-25
9423,Москва,2025-09-21
9424,Казань,2025-11-15
9425,Москва,2025-11-07
9426,Екатеринбург,2025-07-27
9427,Казань,2025-07-25
9428,Москва,2026-05-11
9429,Самара,2025-05-12
9430,Москва,2025-09-19
9431,Казань,2025-07-18
9432,Екатеринбург,2026-02-22
9433,Воронеж,2026-03-16
9434,Казань,2026-04-08
9435,Уфа,2025-02-16
9436,Санкт-Петербург,2025-02-23
9437,Самара,2025-07-24
9438,Москва,2025-08-29
9439,Новосибирск,2025-02-04
9440,Москва,2026-05-03
9441,Воронеж,2026-05-04
9442,Уфа,2025-08-20
9443,Санкт-Петербург,2026-02-24
9444,Казань,2025-11-05
9445,Екатеринбург,2025-12-25
9446,Москва,2026-04-21
9447,Новосибирск,2025-02-20
9448,Новосибирск,2025-05-07
9449,Казань,2025-08-22
9450,Москва,2026-05-03
9451,Уфа,2025-11-19
9452,Москва,2025-08-05
9453,Екатеринбург,2025-01-16
9454,Москва,2025-11-20
9455,Москва,2025-05-27
9456,Москва,2025-06-28
9457,Санкт-Петербург,2026-06-27
9458,Екатеринбург,2025-10-15
9459,Казань,2025-03-17
9460,Новосибирск,2025-01-27
9461,Новосибирск,2025-07-31
9462,Москва,2025-02-05
9463,Москва,2025-08-22
9464,Екатеринбург,2025-08-15
9465,Новосибирск,2026-04-25
9466,Казань,2025-07-02
9467,Москва,2025-05-31
9468,Самара,2025-12-02
9469,Москва,2025-12-15
9470,Екатеринбург,2025-01-21
9471,Москва,2025-02-15
9472,Новосибирск,2025-04-02
9473,Санкт-Петербург,2026-02-28
9474,Новосибирск,2025-04-25
9475,Москва,2026-06-26
9476,Казань,2025-08-29
9477,Москва,2026-05-24
9478,Новосибирск,2025-05-15
9479,Москва,2025-08-19
9480,Москва,2025-03-17
9481,Новосибирск,2026-04-07
9482,Москва,2025-11-22
9483,Москва,2025-02-11
9484,Самара,2026-02-10
9485,Самара,2026-04-29
9486,Самара,2026-01-09
9487,Санкт-Петербург,2026-03-17
9488,Казань,2025-05-31
9489,Нижний Новгород,2025-08-24
9490,Москва,2026-04-11
9491,Новосибирск,2025-11-28
9492,Москва,2025-11-30
9493,Уфа,2026-02-23
9494,Екатеринбург,2025-12-01
9495,Казань,2025-03-10
9496,Казань,2025-04-27
9497,Москва,2026-03-01
9498,Санкт-Петербург,2025-05-13
9499,Новосибирск,2025-12-29
9500,Казань,2025-09-16
9501,Казань,2025-12-05
9502,Москва,2025-05-10
9503,Новосибирск,2025-06-19
9504,Санкт-Петербург,2026-01-11
9505,Москва,2025-04-04
9506,Уфа,2025-06-18
9507,Казань,2026-06-28
9508,Казань,2025-03-24
9509,Воронеж,2025-11-11
9510,Санкт-Петербург,2025-03-24
9511,Уфа,2026-01-21
9512,Новосибирск,2025-03-11
9513,Екатеринбург,2025-11-09
9514,Москва,2025-08-28
9515,Москва,2026-01-12
9516,Санкт-Петербург,2025-01-02
9517,Москва,2025-10-09
9518,Москва,2025-10-23
9519,Екатеринбург,2025-05-12
9520,Новосибирск,2025-06-12
9521,Москва,2026-01-21
9522,Нижний Новгород,2025-10-29
9523,Уфа,2025-11-12
9524,Нижний Новгород,2026-05-25
9525,Нижний Новгород,2025-08-09
9526,Новосибирск,2026-04-19
9527,Москва,2026-06-15
9528,Санкт-Петербург,2025-11-11
9529,Уфа,2025-04-26
9530,Новосибирск,2025-08-16
9531,Нижний Новгород,2025-01-26
9532,Воронеж,2026-01-16
9533,Москва,2025-05-30
9534,Санкт-Петербург,2026-05-19
9535,Екатеринбург,2025-12-22
9536,Москва,2025-09-24
9537,Екатеринбург,2025-04-12
9538,Самара,2025-02-24
9539,Екатеринбург,2026-01-02
9540,Санкт-Петербург,2026-02-22
9541,Новосибирск,2025-05-26
9542,Москва,2025-01-06
9543,Ростов-на-Дону,2025-06-24
9544,Москва,2026-02-21
9545,Ростов-на-Дону,2025-11-13
9546,Казань,2025-02-16
9547,Санкт-Петербург,2025-03-04
9548,Казань,2025-02-28
9549,Москва,2026-02-18
9550,Санкт-Петербург,2026-03-03
9551,Самара,2025-08-11
9552,Самара,2026-01-11
9553,Москва,2025-01-12
9554,Новосибирск,2025-11-03
9555,Самара,2025-05-29
9556,Самара,2026-03-24
9557,Санкт-Петербург,2025-09-24
9558,Москва,2026-04-09
9559,Уфа,2025-11-03
9560,Санкт-Петербург,2025-09-07
9561,Санкт-Петербург,2026-06-01
9562,Нижний Новгород,2026-06-27
9563,Москва,2025-09-06
9564,Самара,2025-07-14
9565,Москва,2025-12-19
9566,Нижний Новгород,2025-04-04
9567,Воронеж,2025-07-30
9568,Воронеж,2026-04-07
9569,Уфа,2026-05-04
9570,Ростов-на-Дону,2025-08-15
9571,Москва,2025-08-01
9572,Воронеж,2026-04-22
9573,Уфа,2025-04-21
9574,Казань,2025-02-03
9575,Санкт-Петербург,2025-02-09
9576,Москва,2025-03-02
9577,Екатеринбург,2026-04-25
9578,Новосибирск,2025-01-22
9579,Санкт-Петербург,2025-07-01
9580,Санкт-Петербург,2025-11-25
9581,Екатеринбург,2025-11-29
9582,Москва,2026-03-30
9583,Уфа,2026-06-19
9584,Санкт-Петербург,2025-08-08
9585,Москва,2025-05-08
9586,Москва,2025-02-19
9587,Самара,2026-05-01
9588,Ростов-на-Дону,2025-07-23
9589,Москва,2026-05-05
9590,Москва,2025-07-09
9591,Санкт-Петербург,2026-02-17
9592,Москва,2025-12-17
9593,Нижний Новгород,2026-01-24
9594,Москва,2025-12-22
9595,Казань,2025-06-17
9596,Санкт-Петербург,2025-02-26
9597,Казань,2025-01-06
9598,Санкт-Петербург,2025-08-17
9599,Москва,2026-05-01
9600,Москва,2025-12-17
9601,Москва,2026-01-03
9602,Москва,2025-05-22
9603,Воронеж,2025-09-22
9604,Москва,2025-08-10
9605,Санкт-Петербург,2025-03-16
9606,Москва,2025-12-01
9607,Нижний Новгород,2025-07-18
9608,Уфа,2025-08-08
9609,Нижний Новгород,2025-11-22
9610,Екатеринбург,2025-01-17
9611,Самара,2026-05-26
9612,Санкт-Петербург,2025-05-02
9613,Самара,2026-01-06
9614,Нижний Новгород,2026-02-27
9615,Москва,2025-03-25
9616,Казань,2025-05-16
9617,Москва,2025-08-13
9618,Москва,2026-03-22
9619,Самара,2025-12-13
9620,Москва,2025-09-12
9621,Нижний Новгород,2026-04-08
9622,Воронеж,2025-09-15
9623,Казань,2026-04-28
9624,Санкт-Петербург,2026-02-24
9625,Екатеринбург,2025-04-04
9626,Самара,2025-07-28
9627,Москва,2025-01-14
9628,Москва,2025-05-10
9629,Екатеринбург,2025-01-13
9630,Уфа,2025-02-27
9631,Санкт-Петербург,2025-01-03
9632,Санкт-Петербург,2026-01-02
9633,Воронеж,2025-08-12
9634,Москва,2025-09-14
9635,Москва,2026-02-21
9636,Екатеринбург,2026-03-18
9637,Москва,2025-10-18
9638,Москва,2025-09-07
9639,Екатеринбург,2025-12-21
9640,Новосибирск,2025-08-15
9641,Казань,2025-08-30
9642,Санкт-Петербург,2025-06-12
9643,Екатеринбург,2025-04-14
9644,Екатеринбург,2025-04-19
9645,Самара,2025-12-24
9646,Нижний Новгород,2026-03-29
9647,Новосибирск,2025-08-19
9648,Ростов-на-Дону,2025-02-21
9649,Самара,2025-11-29
9650,Москва,2026-05-07
9651,Уфа,2025-10-15
9652,Ростов-на-Дону,2025-01-15
9653,Санкт-Петербург,2025-02-14
9654,Москва,2025-10-12
9655,Екатеринбург,2026-04-15
9656,Санкт-Петербург,2025-02-01
9657,Нижний Новгород,2026-02-15
9658,Казань,2026-03-01
9659,Москва,2025-01-29
9660,Москва,2025-04-26
9661,Ростов-на-Дону,2025-01-03
9662,Москва,2025-11-05
9663,Нижний Новгород,2025-04-06
9664,Санкт-Петербург,2026-05-15
9665,Санкт-Петербург,2025-02-19
9666,Казань,2025-12-20
9667,Москва,2026-03-05
9668,Новосибирск,2025-04-08
9669,Новосибирск,2025-05-18
9670,Москва,2026-03-11
9671,Санкт-Петербург,2025-02-20
9672,Нижний Новгород,2025-08-29
9673,Новосибирск,2025-05-17
9674,Казань,2025-01-08
9675,Нижний Новгород,2025-09-04
9676,Москва,2025-09-23
9677,Москва,2025-07-09
9678,Новосибирск,2026-03-19
9679,Новосибирск,2025-02-22
9680,Самара,2025-08-23
9681,Москва,2025-04-09
9682,Казань,2026-02-18
9683,Новосибирск,2025-10-31
9684,Москва,2026-01-20
9685,Казань,2025-02-28
9686,Екатеринбург,2025-09-07
9687,Москва,2025-01-28
9688,Санкт-Петербург,2025-06-26
9689,Москва,2026-05-31
9690,Ростов-на-Дону,2026-01-31
9691,Москва,2025-02-12
9692,Москва,2025-07-21
9693,Москва,2026-04-20
9694,Москва,2025-04-03
9695,Москва,2026-02-17
9696,Екатеринбург,2025-06-24
9697,Москва,2025-09-17
9698,Санкт-Петербург,2026-04-23
9699,Москва,2026-01-02
9700,Санкт-Петербург,2025-06-04
9701,Москва,2025-01-05
9702,Екатеринбург,2025-05-09
9703,Новосибирск,2025-08-16
9704,Нижний Новгород,2025-03-14
9705,Москва,2026-04-26
9706,Ростов-на-Дону,2025-01-31
9707,Новосибирск,2025-10-22
9708,Москва,2026-06-17
9709,Санкт-Петербург,2025-07-02
9710,Нижний Новгород,2025-10-20
9711,Санкт-Петербург,2025-02-10
9712,Санкт-Петербург,2026-02-02
9713,Екатеринбург,2026-06-17
9714,Москва,2026-02-26
9715,Воронеж,2025-03-23
9716,Москва,2025-07-12
9717,Москва,2026-01-30
9718,Москва,2026-03-12
9719,Санкт-Петербург,2025-08-08
9720,Ростов-на-Дону,2026-06-09
9721,Самара,2025-04-21
9722,Уфа,2025-09-28
9723,Казань,2026-01-23
9724,Санкт-Петербург,2025-11-21
9725,Санкт-Петербург,2025-08-24
9726,Москва,2026-03-21
9727,Ростов-на-Дону,2026-04-04
9728,Казань,2026-03-22
9729,Санкт-Петербург,2025-02-18
9730,Казань,2025-08-19
9731,Нижний Новгород,2026-02-13
9732,Москва,2026-04-18
9733,Новосибирск,2025-07-17
9734,Новосибирск,2026-02-08
9735,Самара,2025-11-05
9736,Москва,2025-05-01
9737,Москва,2026-05-02
9738,Казань,2025-08-31
9739,Самара,2025-11-26
9740,Воронеж,2025-06-07
9741,Екатеринбург,2025-01-14
9742,Москва,2025-09-04
9743,Москва,2026-01-29
9744,Екатеринбург,2025-06-28
9745,Москва,2026-05-22
9746,Казань,2026-02-13
9747,Самара,2025-12-16
9748,Санкт-Петербург,2026-03-16
9749,Санкт-Петербург,2026-04-15
9750,Москва,2026-01-29
9751,Москва,2026-03-26
9752,Новосибирск,2026-01-24
9753,Санкт-Петербург,2026-04-15
9754,Москва,2025-02-26
9755,Москва,2025-07-07
9756,Москва,2026-04-29
9757,Новосибирск,2025-09-16
9758,Екатеринбург,2025-01-09
9759,Казань,2026-04-08
9760,Казань,2025-12-24
9761,Москва,2026-05-12
9762,Казань,2025-01-09
9763,Москва,2025-03-22
9764,Уфа,2025-10-06
9765,Москва,2025-04-09
9766,Санкт-Петербург,2025-10-11
9767,Москва,2025-07-09
9768,Нижний Новгород,2025-04-25
9769,Москва,2026-02-24
9770,Уфа,2025-01-22
9771,Москва,2026-04-22
9772,Самара,2025-03-25
9773,Новосибирск,2025-11-13
9774,Москва,2026-06-25
9775,Москва,2025-03-03
9776,Санкт-Петербург,2026-05-21
9777,Самара,2025-06-15
9778,Ростов-на-Дону,2026-02-08
9779,Москва,2026-04-13
9780,Санкт-Петербург,2025-05-07
9781,Москва,2025-07-09
9782,Москва,2026-04-15
9783,Екатеринбург,2025-02-26
9784,Санкт-Петербург,2025-03-01
9785,Москва,2025-06-14
9786,Ростов-на-Дону,2025-11-25
9787,Нижний Новгород,2026-03-16
9788,Нижний Новгород,2025-11-03
9789,Москва,2025-09-26
9790,Уфа,2026-04-20
9791,Екатеринбург,2025-04-04
9792,Казань,2026-05-07
9793,Москва,2025-06-20
9794,Ростов-на-Дону,2025-05-31
9795,Казань,2026-06-04
9796,Самара,2025-12-19
9797,Новосибирск,2025-08-24
9798,Нижний Новгород,2025-06-29
9799,Новосибирск,2025-08-29
9800,Уфа,2026-03-08
9801,Москва,2025-03-25
9802,Москва,2025-04-06
9803,Новосибирск,2025-06-15
9804,Казань,2025-09-20
9805,Екатеринбург,2026-03-21
9806,Новосибирск,2025-04-25
9807,Казань,2026-03-05
9808,Нижний Новгород,2026-05-10
9809,Санкт-Петербург,2025-08-26
9810,Самара,2026-06-08
9811,Москва,2026-05-03
9812,Екатеринбург,2026-03-11
9813,Ростов-на-Дону,2025-07-27
9814,Москва,2025-06-13
9815,Санкт-Петербург,2026-04-17
9816,Санкт-Петербург,2025-08-29
9817,Екатеринбург,2025-01-18
9818,Санкт-Петербург,2026-01-26
9819,Москва,2025-07-09
9820,Ростов-на-Дону,2026-05-25
9821,Москва,2026-04-12
9822,Казань,2025-02-26
9823,Екатеринбург,2026-05-07
9824,Москва,2026-06-02
9825,Москва,2026-02-17
9826,Воронеж,2025-05-31
9827,Новосибирск,2026-01-01
9828,Москва,2026-04-19
9829,Нижний Новгород,2026-03-21
9830,Казань,2025-08-23
9831,Москва,2026-01-21
9832,Новосибирск,2025-07-30
9833,Казань,2025-05-19
9834,Москва,2026-01-02
9835,Ростов-на-Дону,2025-09-12
9836,Санкт-Петербург,2025-05-03
9837,Санкт-Петербург,2025-12-27
9838,Москва,2025-06-25
9839,Нижний Новгород,2025-11-17
9840,Новосибирск,2025-07-16
9841,Ростов-на-Дону,2026-04-28
9842,Москва,2026-04-09
9843,Нижний Новгород,2025-09-16
9844,Екатеринбург,2026-01-23
9845,Санкт-Петербург,2025-04-08
9846,Москва,2026-06-28
9847,Самара,2025-04-27
9848,Москва,2026-04-18
9849,Екатеринбург,2026-04-07
9850,Казань,2025-04-08
9851,Москва,2025-01-05
9852,Воронеж,2026-02-06
9853,Самара,2026-04-19
9854,Казань,2026-01-26
9855,Новосибирск,2025-01-31
9856,Казань,2025-12-18
9857,Нижний Новгород,2025-08-02
9858,Москва,2026-05-15
9859,Санкт-Петербург,2026-03-13
9860,Санкт-Петербург,2026-03-12
9861,Санкт-Петербург,2025-08-11
9862,Санкт-Петербург,2025-06-25
9863,Москва,2026-03-25
9864,Воронеж,2025-03-04
9865,Москва,2025-02-24
9866,Москва,2025-02-03
9867,Санкт-Петербург,2025-10-06
9868,Екатеринбург,2025-02-11
9869,Москва,2025-11-14
9870,Казань,2025-04-02
9871,Новосибирск,2026-05-01
9872,Москва,2025-08-24
9873,Воронеж,2025-02-21
9874,Санкт-Петербург,2026-01-14
9875,Екатеринбург,2025-07-04
9876,Москва,2025-05-23
9877,Новосибирск,2025-12-26
9878,Самара,2026-06-05
9879,Москва,2026-06-19
9880,Москва,2025-08-26
9881,Санкт-Петербург,2026-04-08
9882,Москва,2025-04-25
9883,Воронеж,2026-04-07
9884,Екатеринбург,2026-05-29
9885,Екатеринбург,2025-10-09
9886,Уфа,2025-10-13
9887,Самара,2025-11-04
9888,Самара,2025-02-09
9889,Санкт-Петербург,2026-04-13
9890,Санкт-Петербург,2026-02-06
9891,Санкт-Петербург,2026-04-19
9892,Санкт-Петербург,2025-03-04
9893,Санкт-Петербург,2026-03-14
9894,Москва,2025-07-17
9895,Санкт-Петербург,2026-03-23
9896,Санкт-Петербург,2026-06-26
9897,Санкт-Петербург,2026-04-25
9898,Москва,2026-05-14
9899,Санкт-Петербург,2025-03-04
9900,Казань,2025-06-29
9901,Новосибирск,2025-06-09
9902,Новосибирск,2025-10-07
9903,Москва,2026-06-16
9904,Москва,2026-01-09
9905,Санкт-Петербург,2025-10-24
9906,Москва,2026-03-15
9907,Санкт-Петербург,2025-04-07
9908,Воронеж,2025-12-26
9909,Москва,2025-10-02
9910,Санкт-Петербург,2025-04-21
9911,Новосибирск,2025-12-18
9912,Казань,2026-04-04
9913,Москва,2026-03-28
9914,Москва,2026-04-05
9915,Уфа,2026-03-19
9916,Москва,2025-09-13
9917,Екатеринбург,2025-01-27
9918,Нижний Новгород,2026-06-11
9919,Москва,2025-09-05
9920,Новосибирск,2025-12-11
9921,Москва,2025-01-12
9922,Санкт-Петербург,2026-04-30
9923,Санкт-Петербург,2026-04-30
9924,Воронеж,2026-05-21
9925,Москва,2025-04-05
9926,Москва,2026-04-05
9927,Уфа,2025-12-07
9928,Москва,2025-03-21
9929,Ростов-на-Дону,2025-11-07
9930,Новосибирск,2025-09-17
9931,Екатеринбург,2025-12-07
9932,Нижний Новгород,2025-02-15
9933,Новосибирск,2025-11-04
9934,Москва,2026-01-05
9935,Воронеж,2026-01-25
9936,Уфа,2026-02-24
9937,Ростов-на-Дону,2025-12-08
9938,Екатеринбург,2026-01-18
9939,Казань,2025-02-19
9940,Казань,2026-03-11
9941,Москва,2025-07-19
9942,Казань,2025-10-26
9943,Екатеринбург,2025-10-25
9944,Новосибирск,2026-06-16
9945,Санкт-Петербург,2025-06-27
9946,Казань,2025-07-29
9947,Екатеринбург,2026-02-19
9948,Санкт-Петербург,2025-12-12
9949,Воронеж,2025-06-23
9950,Новосибирск,2025-07-07
9951,Москва,2026-03-28
9952,Москва,2026-04-01
9953,Новосибирск,2025-03-21
9954,Санкт-Петербург,2025-08-06
9955,Самара,2026-02-24
9956,Москва,2025-03-06
9957,Москва,2025-04-10
9958,Санкт-Петербург,2025-03-28
9959,Нижний Новгород,2025-10-15
9960,Воронеж,2025-09-03
9961,Ростов-на-Дону,2025-06-24
9962,Казань,2025-03-16
9963,Самара,2025-12-14
9964,Москва,2026-03-16
9965,Екатеринбург,2025-04-26
9966,Уфа,2025-12-30
9967,Санкт-Петербург,2026-03-10
9968,Воронеж,2025-10-31
9969,Москва,2025-11-09
9970,Москва,2025-04-01
9971,Казань,2026-06-06
9972,Ростов-на-Дону,2026-06-06
9973,Санкт-Петербург,2026-01-23
9974,Самара,2026-05-07
9975,Москва,2025-11-28
9976,Нижний Новгород,2025-12-27
9977,Казань,2026-03-28
9978,Москва,2025-01-21
9979,Новосибирск,2025-04-30
9980,Новосибирск,2025-04-21
9981,Казань,2025-12-11
9982,Москва,2025-05-13
9983,Москва,2025-08-01
9984,Уфа,2025-09-27
9985,Новосибирск,2026-02-10
9986,Самара,2025-10-09
9987,Новосибирск,2025-01-14
9988,Самара,2026-01-10
9989,Москва,2025-08-22
9990,Казань,2025-03-03
9991,Новосибирск,2025-12-22
9992,Москва,2025-05-28
9993,Москва,2025-09-09
9994,Екатеринбург,2026-06-12
9995,Ростов-на-Дону,2025-05-10
9996,Новосибирск,2026-04-28
9997,Москва,2025-09-11
9998,Воронеж,2026-05-24
9999,Москва,2026-04-09
10000,Москва,2026-03-30
